Mature,1,1
Mature,1,2
Mature,1,3
Mature,1,4
Mature,1,5
Mature,1,6
Mature,1,7
Mature,1,8
Mature,1,9
Mature,1,10
Mature,1,11
Mature,1,12
Mature,1,13
Mature,1,14
Mature,1,15
Mature,1,16
Mature,1,17
Mature,1,18
Mature,1,19
Mature,1,20
Mature,1,21
Mature,1,22
Mature,1,23
Mature,1,24
Mature,1,25
Mature,1,26
Mature,1,27
Mature,1,28
Mature,1,29
Mature,1,30
Mature,1,31
Mature,1,32
Mature,1,33
Mature,1,34
Mature,1,35
Mature,1,36
Mature,1,37
Mature,1,38
Mature,1,39
Mature,1,40
Mature,1,41
Mature,1,42
Mature,1,43
Mature,1,44
Mature,1,45
Mature,1,46
Mature,1,47
Mature,1,48
Mature,1,49
Mature,1,50
Mature,1,51
Mature,1,52
Mature,1,53
Mature,1,54
Mature,1,55
Mature,1,56
Mature,1,57
Mature,1,58
Mature,1,59
Mature,1,60
Mature,1,61
Mature,1,62
Mature,1,63
Mature,1,64
Mature,1,65
Mature,1,66
Mature,1,67
Mature,1,68
Mature,1,69
Mature,1,70
Mature,1,71
Mature,1,72
Mature,1,73
Mature,1,74
Mature,1,75
Mature,1,76
Mature,1,77
Mature,1,78
Mature,1,79
Mature,1,80
Mature,1,81
Mature,1,82
Mature,1,83
Mature,1,84
Mature,1,85
Mature,1,86
Mature,1,87
Mature,1,88
Mature,1,89
Mature,1,90
Mature,1,91
Mature,1,92
Mature,1,93
Mature,1,94
Mature,1,95
Mature,1,96
Mature,1,97
Mature,1,98
Mature,1,99
Mature,1,100
Mature,1,101
Mature,1,102
Mature,1,103
Mature,1,104
Mature,1,105
Mature,1,106
Mature,1,107
Mature,1,108
Mature,1,109
Mature,1,110
Mature,1,111
Mature,1,112
Mature,1,113
Mature,1,114
Mature,1,115
Mature,1,116
Mature,1,117
Mature,1,118
Mature,1,119
Mature,1,120
Mature,1,121
Mature,1,122
Mature,1,123
Mature,1,124
Mature,1,125
Mature,1,126
Mature,1,127
Mature,1,128
Mature,1,129
Mature,1,130
Mature,1,131
Mature,1,132
Mature,1,133
Mature,1,134
Mature,1,135
Mature,1,136
Mature,1,137
Mature,1,138
Mature,1,139
Mature,1,140
Mature,1,141
Mature,1,142
Mature,1,143
Mature,1,144
Mature,1,145
Mature,1,146
Mature,1,147
Mature,1,148
Mature,1,149
Mature,1,150
Mature,1,151
Mature,1,152
Mature,1,153
Mature,1,154
Mature,1,155
Mature,1,156
Mature,1,157
Mature,1,158
Mature,1,159
Mature,1,160
Mature,1,161
Mature,1,162
Mature,1,163
Mature,1,164
Mature,1,165
Mature,1,166
Mature,1,167
Mature,1,168
Mature,1,169
Mature,1,170
Mature,1,171
Mature,1,172
Mature,1,173
Mature,1,174
Mature,1,175
Mature,1,176
Mature,1,177
Mature,1,178
Mature,1,179
Mature,1,180
Mature,1,181
Mature,1,182
Mature,1,183
Mature,1,184
Mature,1,185
Mature,1,186
Mature,1,187
Mature,1,188
Mature,1,189
Mature,1,190
Mature,1,191
Mature,1,192
Mature,1,193
Mature,1,194
Mature,1,195
Mature,1,196
Mature,1,197
Mature,1,198
Mature,1,199
Mature,1,200
Mature,1,201
Mature,1,202
Mature,1,203
Mature,1,204
Mature,1,205
Mature,1,206
Mature,1,207
Mature,1,208
Mature,1,209
Mature,1,210
Mature,1,211
Mature,1,212
Mature,1,213
Mature,1,214
Mature,1,215
Mature,1,216
Mature,1,217
Mature,1,218
Mature,1,219
Mature,1,220
Mature,1,221
Mature,1,222
Mature,1,223
Mature,1,224
Mature,1,225
Mature,1,226
Mature,1,227
Mature,1,228
Mature,1,229
Mature,1,230
Mature,1,231
Mature,1,232
Mature,1,233
Mature,1,234
Mature,1,235
Mature,1,236
Mature,1,237
Mature,1,238
Mature,1,239
Mature,1,240
Mature,1,241
Mature,1,242
Mature,1,243
Mature,1,244
Mature,1,245
Mature,1,246
Mature,1,247
Mature,1,248
Mature,1,249
Mature,1,250
Mature,1,251
Mature,1,252
Mature,1,253
Mature,1,254
Mature,1,255
Mature,1,256
Mature,1,257
Mature,1,258
Mature,1,259
Mature,1,260
Mature,1,261
Mature,1,262
Mature,1,263
Mature,1,264
Mature,1,265
Mature,1,266
Mature,1,267
Mature,1,268
Mature,1,269
Mature,1,270
Mature,1,271
Mature,1,272
Mature,1,273
Mature,1,274
Mature,1,275
Mature,1,276
Mature,1,277
Mature,1,278
Mature,1,279
Mature,1,280
Mature,1,281
Mature,1,282
Mature,1,283
Mature,1,284
Mature,1,285
Mature,1,286
Mature,1,287
Mature,1,288
Mature,1,289
Mature,1,290
Mature,1,291
Mature,1,292
Mature,1,293
Mature,1,294
Mature,1,295
Mature,1,296
Mature,1,297
Mature,1,298
Mature,1,299
Mature,1,300
Mature,1,301
Mature,1,302
Mature,1,303
Mature,1,304
Mature,1,305
Mature,1,306
Mature,1,307
Mature,1,308
Mature,1,309
Mature,1,310
Mature,1,311
Mature,1,312
Mature,1,313
Mature,1,314
Mature,1,315
Mature,1,316
Mature,1,317
Mature,1,318
Mature,1,319
Mature,1,320
Mature,1,321
Mature,1,322
Mature,1,323
Mature,1,324
Mature,1,325
Mature,1,326
Mature,1,327
Mature,1,328
Mature,1,329
Mature,1,330
Mature,1,331
Mature,1,332
Mature,1,333
Mature,1,334
Mature,1,335
Mature,1,336
Mature,1,337
Mature,1,338
Mature,1,339
Mature,1,340
Mature,1,341
Mature,1,342
Mature,1,343
Mature,1,344
Mature,1,345
Mature,1,346
Mature,1,347
Mature,1,348
Mature,1,349
Mature,1,350
Mature,1,351
Mature,1,352
Mature,1,353
Mature,1,354
Mature,1,355
Mature,1,356
Mature,1,357
Mature,1,358
Mature,1,359
Mature,1,360
Mature,1,361
Mature,1,362
Mature,1,363
Mature,1,364
Mature,1,365
Mature,1,366
Mature,1,367
Mature,1,368
Mature,1,369
Mature,1,370
Mature,1,371
Mature,1,372
Mature,1,373
Mature,1,374
Mature,1,375
Mature,1,376
Mature,1,377
Mature,1,378
Mature,1,379
Mature,1,380
Mature,1,381
Mature,1,382
Mature,1,383
Mature,1,384
Mature,1,385
Mature,1,386
Mature,1,387
Mature,1,388
Mature,1,389
Mature,1,390
Mature,1,391
Mature,1,392
Mature,1,393
Mature,1,394
Mature,1,395
Mature,1,396
Mature,1,397
Mature,1,398
Mature,1,399
Mature,1,400
Mature,1,401
Mature,1,402
Mature,1,403
Mature,1,404
Mature,1,405
Mature,1,406
Mature,1,407
Mature,1,408
Mature,1,409
Mature,1,410
Mature,1,411
Mature,1,412
Mature,1,413
Mature,1,414
Mature,1,415
Mature,1,416
Mature,1,417
Mature,1,418
Mature,1,419
Mature,1,420
Mature,1,421
Mature,1,422
Mature,1,423
Mature,1,424
Mature,1,425
Mature,1,426
Mature,1,427
Mature,1,428
Mature,1,429
Mature,1,430
Mature,1,431
Mature,1,432
Mature,1,433
Mature,1,434
Mature,1,435
Mature,1,436
Mature,1,437
Mature,1,438
Mature,1,439
Mature,1,440
Mature,1,441
Mature,1,442
Mature,1,443
Mature,1,444
Mature,1,445
Mature,1,446
Mature,1,447
Mature,1,448
Mature,1,449
Mature,1,450
Mature,1,451
Mature,1,452
Mature,1,453
Mature,1,454
Mature,1,455
Mature,1,456
Mature,1,457
Mature,1,458
Mature,1,459
Mature,1,460
Mature,1,461
Mature,1,462
Mature,1,463
Mature,1,464
Mature,1,465
Mature,1,466
Mature,1,467
Mature,1,468
Mature,1,469
Mature,1,470
Mature,1,471
Mature,1,472
Mature,1,473
Mature,1,474
Mature,1,475
Mature,1,476
Mature,1,477
Mature,1,478
Mature,1,479
Mature,1,480
Mature,1,481
Mature,1,482
Mature,1,483
Mature,1,484
Mature,1,485
Mature,1,486
Mature,1,487
Mature,1,488
Mature,1,489
Mature,1,490
Mature,1,491
Mature,1,492
Mature,1,493
Mature,1,494
Mature,1,495
Mature,1,496
Mature,1,497
Mature,1,498
Mature,1,499
Mature,1,500
Mature,1,501
Mature,1,502
Mature,1,503
Mature,1,504
Mature,1,505
Mature,1,506
Mature,1,507
Mature,1,508
Mature,1,509
Mature,1,510
Mature,1,511
Mature,1,512
Mature,1,513
Mature,1,514
Mature,1,515
Mature,1,516
Mature,1,517
Mature,1,518
Mature,1,519
Mature,1,520
Mature,1,521
Mature,1,522
Mature,1,523
Mature,1,524
Mature,1,525
Mature,1,526
Mature,1,527
Mature,1,528
Mature,1,529
Mature,1,530
Mature,1,531
Mature,1,532
Mature,1,533
Mature,1,534
Mature,1,535
Mature,1,536
Mature,1,537
Mature,1,538
Mature,1,539
Mature,1,540
Mature,1,541
Mature,1,542
Mature,1,543
Mature,1,544
Mature,1,545
Mature,1,546
Mature,1,547
Mature,1,548
Mature,1,549
Mature,1,550
Mature,1,551
Mature,1,552
Mature,1,553
Mature,1,554
Mature,1,555
Mature,1,556
Mature,1,557
Mature,1,558
Mature,1,559
Mature,1,560
Mature,1,561
Mature,1,562
Mature,1,563
Mature,1,564
Mature,1,565
Mature,1,566
Mature,1,567
Mature,1,568
Mature,1,569
Mature,1,570
Mature,1,571
Mature,1,572
Mature,1,573
Mature,1,574
Mature,1,575
Mature,1,576
Mature,1,577
Mature,1,578
Mature,1,579
Mature,1,580
Mature,1,581
Mature,1,582
Mature,1,583
Mature,1,584
Mature,1,585
Mature,1,586
Mature,1,587
Mature,1,588
Mature,1,589
Mature,1,590
Mature,1,591
Mature,1,592
Mature,1,593
Mature,1,594
Mature,1,595
Mature,1,596
Mature,1,597
Mature,1,598
Mature,1,599
Mature,1,600
Mature,1,601
Mature,1,602
Mature,1,603
Mature,1,604
Mature,1,605
Mature,1,606
Mature,1,607
Mature,1,608
Mature,1,609
Mature,1,610
Mature,1,611
Mature,1,612
Mature,1,613
Mature,1,614
Mature,1,615
Mature,1,616
Mature,1,617
Mature,1,618
Mature,1,619
Mature,1,620
Mature,1,621
Mature,1,622
Mature,1,623
Mature,1,624
Mature,1,625
Teen,0,626
Teen,0,627
Teen,0,628
Teen,0,629
Teen,0,630
Teen,0,631
Teen,0,632
Teen,0,633
Teen,0,634
Teen,0,635
Teen,0,636
Teen,0,637
Teen,0,638
Teen,0,639
Teen,0,640
Teen,0,641
Teen,0,642
Teen,0,643
Teen,0,644
Teen,0,645
Teen,0,646
Teen,0,647
Teen,0,648
Teen,0,649
Teen,0,650
Teen,0,651
Teen,0,652
Teen,0,653
Teen,0,654
Teen,0,655
Teen,0,656
Teen,0,657
Teen,0,658
Teen,0,659
Teen,0,660
Teen,0,661
Teen,0,662
Teen,0,663
Teen,0,664
Teen,0,665
Teen,0,666
Teen,0,667
Teen,0,668
Teen,0,669
Teen,0,670
Teen,0,671
Teen,0,672
Teen,0,673
Teen,0,674
Teen,0,675
Teen,0,676
Teen,0,677
Teen,0,678
Teen,0,679
Teen,0,680
Teen,0,681
Teen,0,682
Teen,0,683
Teen,0,684
Teen,0,685
Teen,0,686
Teen,0,687
Teen,0,688
Teen,0,689
Teen,0,690
Teen,0,691
Teen,0,692
Teen,0,693
Teen,0,694
Teen,0,695
Teen,0,696
Teen,0,697
Teen,0,698
Teen,0,699
Teen,0,700
Teen,0,701
Teen,0,702
Teen,0,703
Teen,0,704
Teen,0,705
Teen,0,706
Teen,0,707
Teen,0,708
Teen,0,709
Teen,0,710
Teen,0,711
Teen,0,712
Teen,0,713
Teen,0,714
Teen,0,715
Teen,0,716
Teen,0,717
Teen,0,718
Teen,0,719
Teen,0,720
Teen,0,721
Teen,0,722
Teen,0,723
Teen,0,724
Teen,0,725
Teen,0,726
Teen,0,727
Teen,0,728
Teen,0,729
Teen,0,730
Teen,0,731
Teen,0,732
Teen,0,733
Teen,0,734
Teen,0,735
Teen,0,736
Teen,0,737
Teen,0,738
Teen,0,739
Teen,0,740
Teen,0,741
Teen,0,742
Teen,0,743
Teen,0,744
Teen,0,745
Teen,0,746
Teen,0,747
Teen,0,748
Teen,0,749
Teen,0,750
Teen,0,751
Teen,0,752
Teen,0,753
Teen,0,754
Teen,0,755
Teen,0,756
Teen,0,757
Teen,0,758
Teen,0,759
Teen,0,760
Teen,0,761
Teen,0,762
Teen,0,763
Teen,0,764
Teen,0,765
Teen,0,766
Teen,0,767
Teen,0,768
Teen,0,769
Teen,0,770
Teen,0,771
Teen,0,772
Teen,0,773
Teen,0,774
Teen,0,775
Teen,0,776
Teen,0,777
Teen,0,778
Teen,0,779
Teen,0,780
Teen,0,781
Teen,0,782
Teen,0,783
Teen,0,784
Teen,0,785
Teen,0,786
Teen,0,787
Teen,0,788
Teen,0,789
Teen,0,790
Teen,0,791
Teen,0,792
Teen,0,793
Teen,0,794
Teen,0,795
Teen,0,796
Teen,0,797
Teen,0,798
Teen,0,799
Teen,0,800
Teen,0,801
Teen,0,802
Teen,0,803
Teen,0,804
Teen,0,805
Teen,0,806
Teen,0,807
Teen,0,808
Teen,0,809
Teen,0,810
Teen,0,811
Teen,0,812
Teen,0,813
Teen,0,814
Teen,0,815
Teen,0,816
Teen,0,817
Teen,0,818
Teen,0,819
Teen,0,820
Teen,0,821
Teen,0,822
Teen,0,823
Teen,0,824
Teen,0,825
Teen,0,826
Teen,0,827
Teen,0,828
Teen,0,829
Teen,0,830
Teen,0,831
Teen,0,832
Teen,0,833
Teen,0,834
Teen,0,835
Teen,0,836
Teen,0,837
Teen,0,838
Teen,0,839
Teen,0,840
Teen,0,841
Teen,0,842
Teen,0,843
Teen,0,844
Teen,0,845
Teen,0,846
Teen,0,847
Teen,0,848
Teen,0,849
Teen,0,850
Teen,0,851
Teen,0,852
Teen,0,853
Teen,0,854
Teen,0,855
Teen,0,856
Teen,0,857
Teen,0,858
Teen,0,859
Teen,0,860
Teen,0,861
Teen,0,862
Teen,0,863
Teen,0,864
Teen,0,865
Teen,0,866
Teen,0,867
Teen,0,868
Teen,0,869
Teen,0,870
Teen,0,871
Teen,0,872
Teen,0,873
Teen,0,874
Teen,0,875
Teen,0,876
Teen,0,877
Teen,0,878
Teen,0,879
Teen,0,880
Teen,0,881
Teen,0,882
Teen,0,883
Teen,0,884
Teen,0,885
Teen,0,886
Teen,0,887
Teen,0,888
Teen,0,889
Teen,0,890
Teen,0,891
Teen,0,892
Teen,0,893
Teen,0,894
Teen,0,895
Teen,0,896
Teen,0,897
Teen,0,898
Teen,0,899
Teen,0,900
Teen,0,901
Teen,0,902
Teen,0,903
Teen,0,904
Teen,0,905
Teen,0,906
Teen,0,907
Teen,0,908
Teen,0,909
Teen,0,910
Teen,0,911
Teen,0,912
Teen,0,913
Teen,0,914
Teen,0,915
Teen,0,916
Teen,0,917
Teen,0,918
Teen,0,919
Teen,0,920
Teen,0,921
Teen,0,922
Teen,0,923
Teen,0,924
Teen,0,925
Teen,0,926
Teen,0,927
Teen,0,928
Teen,0,929
Teen,0,930
Teen,0,931
Teen,0,932
Teen,0,933
Teen,0,934
Teen,0,935
Teen,0,936
Teen,0,937
Teen,0,938
Teen,0,939
Teen,0,940
Teen,0,941
Teen,0,942
Teen,0,943
Teen,0,944
Teen,0,945
Teen,0,946
Teen,0,947
Teen,0,948
Teen,0,949
Teen,0,950
Teen,0,951
Teen,0,952
Teen,0,953
Teen,0,954
Teen,0,955
Teen,0,956
Teen,0,957
Teen,0,958
Teen,0,959
Teen,0,960
Teen,0,961
Teen,0,962
Teen,0,963
Teen,0,964
Teen,0,965
Teen,0,966
Teen,0,967
Teen,0,968
Teen,0,969
Teen,0,970
Teen,0,971
Teen,0,972
Teen,0,973
Teen,0,974
Teen,0,975
Teen,0,976
Teen,0,977
Teen,0,978
Teen,0,979
Teen,0,980
Teen,0,981
Teen,0,982
Teen,0,983
Teen,0,984
Teen,0,985
Teen,0,986
Teen,0,987
Teen,0,988
Teen,0,989
Teen,0,990
Teen,0,991
Teen,0,992
Teen,0,993
Teen,0,994
Teen,0,995
Teen,0,996
Teen,0,997
Teen,0,998
Teen,0,999
Teen,0,1000
Teen,0,1001
Teen,0,1002
Teen,0,1003
Teen,0,1004
Teen,0,1005
Teen,0,1006
Teen,0,1007
Teen,0,1008
Teen,0,1009
Teen,0,1010
Teen,0,1011
Teen,0,1012
Teen,0,1013
Teen,0,1014
Teen,0,1015
Teen,0,1016
Teen,0,1017
Teen,0,1018
Teen,0,1019
Teen,0,1020
Teen,0,1021
Teen,0,1022
Teen,0,1023
Teen,0,1024
Teen,0,1025
Teen,0,1026
Teen,0,1027
Teen,0,1028
Teen,0,1029
Teen,0,1030
Teen,0,1031
Teen,0,1032
Teen,0,1033
Teen,0,1034
Teen,0,1035
Teen,0,1036
Teen,0,1037
Teen,0,1038
Teen,0,1039
Teen,0,1040
Teen,0,1041
Teen,0,1042
Teen,0,1043
Teen,0,1044
Teen,0,1045
Teen,0,1046
Teen,0,1047
Teen,0,1048
Teen,0,1049
Teen,0,1050
Teen,0,1051
Teen,0,1052
Teen,0,1053
Teen,0,1054
Teen,0,1055
Teen,0,1056
Teen,0,1057
Teen,0,1058
Teen,0,1059
Teen,0,1060
Teen,0,1061
Teen,0,1062
Teen,0,1063
Teen,0,1064
Teen,0,1065
Teen,0,1066
Teen,0,1067
Teen,0,1068
Teen,0,1069
Teen,0,1070
Teen,0,1071
Teen,0,1072
Teen,0,1073
Teen,0,1074
Teen,0,1075
Teen,0,1076
Teen,0,1077
Teen,0,1078
Teen,0,1079
Teen,0,1080
Teen,0,1081
Teen,0,1082
Teen,0,1083
Teen,0,1084
Teen,0,1085
Teen,0,1086
Teen,0,1087
Teen,0,1088
Teen,0,1089
Teen,0,1090
Teen,0,1091
Teen,0,1092
Teen,0,1093
Teen,0,1094
Teen,0,1095
Teen,0,1096
Teen,0,1097
Teen,0,1098
Teen,0,1099
Teen,0,1100
Teen,0,1101
Teen,0,1102
Teen,0,1103
Teen,0,1104
Teen,0,1105
Teen,0,1106
Teen,0,1107
Teen,0,1108
Teen,0,1109
Teen,0,1110
Teen,0,1111
Teen,0,1112
Teen,0,1113
Teen,0,1114
Teen,0,1115
Teen,0,1116
Teen,0,1117
Teen,0,1118
Teen,0,1119
Teen,0,1120
Teen,0,1121
Teen,0,1122
Teen,0,1123
Teen,0,1124
Teen,0,1125
Teen,0,1126
Teen,0,1127
Teen,0,1128
Teen,0,1129
Teen,0,1130
Teen,0,1131
Teen,0,1132
Teen,0,1133
Teen,0,1134
Teen,0,1135
Teen,0,1136
Teen,0,1137
Teen,0,1138
Teen,0,1139
Teen,0,1140
Teen,0,1141
Teen,0,1142
Teen,0,1143
Teen,0,1144
Teen,0,1145
Teen,0,1146
Teen,0,1147
Teen,0,1148
Teen,0,1149
Teen,0,1150
Teen,0,1151
Teen,0,1152
Teen,0,1153
Teen,0,1154
Teen,0,1155
Teen,0,1156
Teen,0,1157
Teen,0,1158
Teen,0,1159
Teen,0,1160
Teen,0,1161
Teen,0,1162
Teen,0,1163
Teen,0,1164
Teen,0,1165
Teen,0,1166
Teen,0,1167
Teen,0,1168
Teen,0,1169
Teen,0,1170
Teen,0,1171
Teen,0,1172
Teen,0,1173
Teen,0,1174
Teen,0,1175
Teen,0,1176
Teen,0,1177
Teen,0,1178
Teen,0,1179
Teen,0,1180
Teen,0,1181
Teen,0,1182
Teen,0,1183
Teen,0,1184
Teen,0,1185
Teen,0,1186
Teen,0,1187
Teen,0,1188
Teen,0,1189
Teen,0,1190
Teen,0,1191
Teen,0,1192
Teen,0,1193
Teen,0,1194
Teen,0,1195
Teen,0,1196
Teen,0,1197
Teen,0,1198
Teen,0,1199
Teen,0,1200
Teen,0,1201
Teen,0,1202
Teen,0,1203
Teen,0,1204
Teen,0,1205
Teen,0,1206
Teen,0,1207
Teen,0,1208
Teen,0,1209
Teen,0,1210
Teen,0,1211
Teen,0,1212
Teen,0,1213
Teen,0,1214
Teen,0,1215
Teen,0,1216
Teen,0,1217
Teen,0,1218
Teen,0,1219
Teen,0,1220
Teen,0,1221
Teen,0,1222
Teen,0,1223
Teen,0,1224
Teen,0,1225
Teen,0,1226
Teen,0,1227
Teen,0,1228
Teen,0,1229
Teen,0,1230
Teen,0,1231
Teen,0,1232
Teen,0,1233
Teen,0,1234
Teen,0,1235
Teen,0,1236
Teen,0,1237
Teen,0,1238
Teen,0,1239
Teen,0,1240
Teen,0,1241
Teen,0,1242
Teen,0,1243
Teen,0,1244
Teen,0,1245
Teen,0,1246
Teen,0,1247
Teen,0,1248
Teen,0,1249
Teen,0,1250
Teen,0,1251
Teen,0,1252
Teen,0,1253
Teen,0,1254
Teen,0,1255
Teen,0,1256
Teen,0,1257
Teen,0,1258
Teen,0,1259
Teen,0,1260
Teen,0,1261
Teen,0,1262
Teen,0,1263
Teen,0,1264
Teen,0,1265
Teen,0,1266
Teen,0,1267
Teen,0,1268
Teen,0,1269
Teen,0,1270
Teen,0,1271
Teen,0,1272
Teen,0,1273
Teen,0,1274
Teen,0,1275
Teen,0,1276
Teen,0,1277
Teen,0,1278
Teen,0,1279
Teen,0,1280
Teen,0,1281
Teen,0,1282
Teen,0,1283
Teen,0,1284
Teen,0,1285
Teen,0,1286
Teen,0,1287
Teen,0,1288
Teen,0,1289
Teen,0,1290
Teen,0,1291
Teen,0,1292
Teen,0,1293
Teen,0,1294
Teen,0,1295
Teen,0,1296
Teen,0,1297
Teen,0,1298
Teen,0,1299
Teen,0,1300
Teen,0,1301
Teen,0,1302
Teen,0,1303
Teen,0,1304
Teen,0,1305
Teen,0,1306
Teen,0,1307
Teen,0,1308
Teen,0,1309
Teen,0,1310
Teen,0,1311
Teen,0,1312
Teen,0,1313
Teen,0,1314
Teen,0,1315
Teen,0,1316
Teen,0,1317
Teen,0,1318
Teen,0,1319
Teen,0,1320
Teen,0,1321
Teen,0,1322
Teen,0,1323
Teen,0,1324
Teen,0,1325
Teen,0,1326
Teen,0,1327
Teen,0,1328
Teen,0,1329
Teen,0,1330
Teen,0,1331
Teen,0,1332
Teen,0,1333
Teen,0,1334
Teen,0,1335
Teen,0,1336
Teen,0,1337
Teen,0,1338
Teen,0,1339
Teen,0,1340
Teen,0,1341
Teen,0,1342
Teen,0,1343
Teen,0,1344
Teen,0,1345
Teen,0,1346
Teen,0,1347
Teen,0,1348
Teen,0,1349
Teen,0,1350
Teen,0,1351
Teen,0,1352
Teen,0,1353
Teen,0,1354
Teen,0,1355
Teen,0,1356
Teen,0,1357
Teen,0,1358
Teen,0,1359
Teen,0,1360
Teen,0,1361
Teen,0,1362
Teen,0,1363
Teen,0,1364
Teen,0,1365
Teen,0,1366
Teen,0,1367
Teen,0,1368
Teen,0,1369
Teen,0,1370
Teen,0,1371
Teen,0,1372
Teen,0,1373
Teen,0,1374
Teen,0,1375
Teen,0,1376
Teen,0,1377
Teen,0,1378
Teen,0,1379
Teen,0,1380
Teen,0,1381
Teen,0,1382
Teen,0,1383
Teen,0,1384
Teen,0,1385
Teen,0,1386
Teen,0,1387
Teen,0,1388
Teen,0,1389
Teen,0,1390
Teen,0,1391
Teen,0,1392
Teen,0,1393
Teen,0,1394
Teen,0,1395
Teen,0,1396
Teen,0,1397
Teen,0,1398
Teen,0,1399
Teen,0,1400
Teen,0,1401
Teen,0,1402
Teen,0,1403
Teen,0,1404
Teen,0,1405
Teen,0,1406
Teen,0,1407
Teen,0,1408
Teen,0,1409
Teen,0,1410
Teen,0,1411
Teen,0,1412
Teen,0,1413
Teen,0,1414
Teen,0,1415
Teen,0,1416
Teen,0,1417
Teen,0,1418
Teen,0,1419
Teen,0,1420
Teen,0,1421
Teen,0,1422
Teen,0,1423
Teen,0,1424
Teen,0,1425
Teen,0,1426
Teen,0,1427
Teen,0,1428
Teen,0,1429
Teen,0,1430
Teen,0,1431
Teen,0,1432
Teen,0,1433
Teen,0,1434
Teen,0,1435
Teen,0,1436
Teen,0,1437
Teen,0,1438
Teen,0,1439
Teen,0,1440
Teen,0,1441
Teen,0,1442
Teen,0,1443
Teen,0,1444
Teen,0,1445
Teen,0,1446
Teen,0,1447
Teen,0,1448
Teen,0,1449
Teen,0,1450
Teen,0,1451
Teen,0,1452
Teen,0,1453
Teen,0,1454
Teen,0,1455
Teen,0,1456
Teen,0,1457
Teen,0,1458
Teen,0,1459
Teen,0,1460
Teen,0,1461
Teen,0,1462
Teen,0,1463
Teen,0,1464
Teen,0,1465
Teen,0,1466
Teen,0,1467
Teen,0,1468
Teen,0,1469
Teen,0,1470
Teen,0,1471
Teen,0,1472
Teen,0,1473
Teen,0,1474
Teen,0,1475
Teen,0,1476
Teen,0,1477
Teen,0,1478
Teen,0,1479
Teen,0,1480
Teen,0,1481
Teen,0,1482
Teen,0,1483
Teen,0,1484
Teen,0,1485
Teen,0,1486
Teen,0,1487
Teen,0,1488
Teen,0,1489
Teen,0,1490
Teen,0,1491
Teen,0,1492
Teen,0,1493
Teen,0,1494
Teen,0,1495
Teen,0,1496
Teen,0,1497
Teen,0,1498
Teen,0,1499
Teen,0,1500
Teen,0,1501
Teen,0,1502
Teen,0,1503
Teen,0,1504
Teen,0,1505
Teen,0,1506
Teen,0,1507
Teen,0,1508
Teen,0,1509
Teen,0,1510
Teen,0,1511
Teen,0,1512
Teen,0,1513
Teen,0,1514
Teen,0,1515
Teen,0,1516
Teen,0,1517
Teen,0,1518
Teen,0,1519
Teen,0,1520
Teen,0,1521
Teen,0,1522
Teen,0,1523
Teen,0,1524
Teen,0,1525
Teen,0,1526
Teen,0,1527
Teen,0,1528
Teen,0,1529
Teen,0,1530
Teen,0,1531
Teen,0,1532
Teen,0,1533
Teen,0,1534
Teen,0,1535
Teen,0,1536
Teen,0,1537
Teen,0,1538
Teen,0,1539
Teen,0,1540
Teen,0,1541
Teen,0,1542
Teen,0,1543
Teen,0,1544
Teen,0,1545
Teen,0,1546
Teen,0,1547
Teen,0,1548
Teen,0,1549
Teen,0,1550
Teen,0,1551
Teen,0,1552
Teen,0,1553
Teen,0,1554
Teen,0,1555
Teen,0,1556
Teen,0,1557
Teen,0,1558
Teen,0,1559
Teen,0,1560
Teen,0,1561
Teen,0,1562
Teen,0,1563
Teen,0,1564
Teen,0,1565
Teen,0,1566
Teen,0,1567
Teen,0,1568
Teen,0,1569
Teen,0,1570
Teen,0,1571
Teen,0,1572
Teen,0,1573
Teen,0,1574
Teen,0,1575
Teen,0,1576
Teen,0,1577
Teen,0,1578
Teen,0,1579
Teen,0,1580
Teen,0,1581
Teen,0,1582
Teen,0,1583
Teen,0,1584
Teen,0,1585
Teen,0,1586
Teen,0,1587
Teen,0,1588
Teen,0,1589
Teen,0,1590
Teen,0,1591
Teen,0,1592
Teen,0,1593
Teen,0,1594
Teen,0,1595
Teen,0,1596
Teen,0,1597
Teen,0,1598
Teen,0,1599
Teen,0,1600
Teen,0,1601
Teen,0,1602
Teen,0,1603
Teen,0,1604
Teen,0,1605
Teen,0,1606
Teen,0,1607
Teen,0,1608
Teen,0,1609
Teen,0,1610
Teen,0,1611
Teen,0,1612
Teen,0,1613
Teen,0,1614
Teen,0,1615
Teen,0,1616
Teen,0,1617
Teen,0,1618
Teen,0,1619
Teen,0,1620
Teen,0,1621
Teen,0,1622
Teen,0,1623
Teen,0,1624
Teen,0,1625
Teen,0,1626
Teen,0,1627
Teen,0,1628
Teen,0,1629
Teen,0,1630
Teen,0,1631
Teen,0,1632
Teen,0,1633
Teen,0,1634
Teen,0,1635
Teen,0,1636
Teen,0,1637
Teen,0,1638
Teen,0,1639
Teen,0,1640
Teen,0,1641
Teen,0,1642
Teen,0,1643
Teen,0,1644
Teen,0,1645
Teen,0,1646
Teen,0,1647
Teen,0,1648
Teen,0,1649
Teen,0,1650
Teen,0,1651
Teen,0,1652
Teen,0,1653
Teen,0,1654
Teen,0,1655
Teen,0,1656
Teen,0,1657
Teen,0,1658
Teen,0,1659
Teen,0,1660
Teen,0,1661
Teen,0,1662
Teen,0,1663
Teen,0,1664
Teen,0,1665
Teen,0,1666
Teen,0,1667
Teen,0,1668
Teen,0,1669
Teen,0,1670
Teen,0,1671
Teen,0,1672
Teen,0,1673
Teen,0,1674
Teen,0,1675
Teen,0,1676
Teen,0,1677
Teen,0,1678
Teen,0,1679
Teen,0,1680
Teen,0,1681
Teen,0,1682
Teen,0,1683
Teen,0,1684
Teen,0,1685
Teen,0,1686
Teen,0,1687
Teen,0,1688
Teen,0,1689
Teen,0,1690
Teen,0,1691
Teen,0,1692
Teen,0,1693
Teen,0,1694
Teen,0,1695
Teen,0,1696
Teen,0,1697
Teen,0,1698
Teen,0,1699
Teen,0,1700
Teen,0,1701
Teen,0,1702
Teen,0,1703
Teen,0,1704
Teen,0,1705
Teen,0,1706
Teen,0,1707
Teen,0,1708
Teen,0,1709
Teen,0,1710
Teen,0,1711
Teen,0,1712
Teen,0,1713
Teen,0,1714
Teen,0,1715
Teen,0,1716
Teen,0,1717
Teen,0,1718
Teen,0,1719
Teen,0,1720
Teen,0,1721
Teen,0,1722
Teen,0,1723
Teen,0,1724
Teen,0,1725
Teen,0,1726
Teen,0,1727
Teen,0,1728
Teen,0,1729
Teen,0,1730
Teen,0,1731
Teen,0,1732
Teen,0,1733
Teen,0,1734
Teen,0,1735
Teen,0,1736
Teen,0,1737
Teen,0,1738
Teen,0,1739
Teen,0,1740
Teen,0,1741
Teen,0,1742
Teen,0,1743
Teen,0,1744
Teen,0,1745
Teen,0,1746
Teen,0,1747
Teen,0,1748
Teen,0,1749
Teen,0,1750
Teen,0,1751
Teen,0,1752
Teen,0,1753
Teen,0,1754
Teen,0,1755
Teen,0,1756
Teen,0,1757
Teen,0,1758
Teen,0,1759
Teen,0,1760
Teen,0,1761
Teen,0,1762
Teen,0,1763
Teen,0,1764
Teen,0,1765
Teen,0,1766
Teen,0,1767
Teen,0,1768
Teen,0,1769
Teen,0,1770
Teen,0,1771
Teen,0,1772
Teen,0,1773
Teen,0,1774
Teen,0,1775
Mature,1,1776
Mature,1,1777
Mature,1,1778
Mature,1,1779
Mature,1,1780
Mature,1,1781
Mature,1,1782
Mature,1,1783
Mature,1,1784
Mature,1,1785
Mature,1,1786
Mature,1,1787
Mature,1,1788
Mature,1,1789
Mature,1,1790
Mature,1,1791
Mature,1,1792
Mature,1,1793
Mature,1,1794
Mature,1,1795
Mature,1,1796
Mature,1,1797
Mature,1,1798
Mature,1,1799
Mature,1,1800
Mature,1,1801
Mature,1,1802
Mature,1,1803
Mature,1,1804
Mature,1,1805
Mature,1,1806
Mature,1,1807
Mature,1,1808
Mature,1,1809
Mature,1,1810
Mature,1,1811
Mature,1,1812
Mature,1,1813
Mature,1,1814
Mature,1,1815
Mature,1,1816
Mature,1,1817
Mature,1,1818
Mature,1,1819
Mature,1,1820
Mature,1,1821
Mature,1,1822
Mature,1,1823
Mature,1,1824
Mature,1,1825
Mature,1,1826
Mature,1,1827
Mature,1,1828
Mature,1,1829
Mature,1,1830
Mature,1,1831
Mature,1,1832
Mature,1,1833
Mature,1,1834
Mature,1,1835
Mature,1,1836
Mature,1,1837
Mature,1,1838
Mature,1,1839
Mature,1,1840
Mature,1,1841
Mature,1,1842
Mature,1,1843
Mature,1,1844
Mature,1,1845
Mature,1,1846
Mature,1,1847
Mature,1,1848
Mature,1,1849
Mature,1,1850
Mature,1,1851
Mature,1,1852
Mature,1,1853
Mature,1,1854
Mature,1,1855
Mature,1,1856
Mature,1,1857
Mature,1,1858
Mature,1,1859
Mature,1,1860
Mature,1,1861
Mature,1,1862
Mature,1,1863
Mature,1,1864
Mature,1,1865
Mature,1,1866
Mature,1,1867
Mature,1,1868
Mature,1,1869
Mature,1,1870
Mature,1,1871
Mature,1,1872
Mature,1,1873
Mature,1,1874
Mature,1,1875
Mature,1,1876
Mature,1,1877
Mature,1,1878
Mature,1,1879
Mature,1,1880
Mature,1,1881
Mature,1,1882
Mature,1,1883
Mature,1,1884
Mature,1,1885
Mature,1,1886
Mature,1,1887
Mature,1,1888
Mature,1,1889
Mature,1,1890
Mature,1,1891
Mature,1,1892
Mature,1,1893
Mature,1,1894
Mature,1,1895
Mature,1,1896
Mature,1,1897
Mature,1,1898
Mature,1,1899
Mature,1,1900
Mature,1,1901
Mature,1,1902
Mature,1,1903
Mature,1,1904
Mature,1,1905
Mature,1,1906
Mature,1,1907
Mature,1,1908
Mature,1,1909
Mature,1,1910
Mature,1,1911
Mature,1,1912
Mature,1,1913
Mature,1,1914
Mature,1,1915
Mature,1,1916
Mature,1,1917
Mature,1,1918
Mature,1,1919
Mature,1,1920
Mature,1,1921
Mature,1,1922
Mature,1,1923
Mature,1,1924
Mature,1,1925
Mature,1,1926
Mature,1,1927
Mature,1,1928
Mature,1,1929
Mature,1,1930
Mature,1,1931
Mature,1,1932
Mature,1,1933
Mature,1,1934
Mature,1,1935
Mature,1,1936
Mature,1,1937
Mature,1,1938
Mature,1,1939
Mature,1,1940
Mature,1,1941
Mature,1,1942
Mature,1,1943
Mature,1,1944
Mature,1,1945
Mature,1,1946
Mature,1,1947
Mature,1,1948
Mature,1,1949
Mature,1,1950
Mature,1,1951
Mature,1,1952
Mature,1,1953
Mature,1,1954
Mature,1,1955
Mature,1,1956
Mature,1,1957
Mature,1,1958
Mature,1,1959
Mature,1,1960
Mature,1,1961
Mature,1,1962
Mature,1,1963
Mature,1,1964
Mature,1,1965
Mature,1,1966
Mature,1,1967
Mature,1,1968
Mature,1,1969
Mature,1,1970
Mature,1,1971
Mature,1,1972
Mature,1,1973
Mature,1,1974
Mature,1,1975
Mature,1,1976
Mature,1,1977
Mature,1,1978
Mature,1,1979
Mature,1,1980
Mature,1,1981
Mature,1,1982
Mature,1,1983
Mature,1,1984
Mature,1,1985
Mature,1,1986
Mature,1,1987
Mature,1,1988
Mature,1,1989
Mature,1,1990
Mature,1,1991
Mature,1,1992
Mature,1,1993
Mature,1,1994
Mature,1,1995
Mature,1,1996
Mature,1,1997
Mature,1,1998
Mature,1,1999
Mature,1,2000
Mature,1,2001
Mature,1,2002
Mature,1,2003
Mature,1,2004
Mature,1,2005
Mature,1,2006
Mature,1,2007
Mature,1,2008
Mature,1,2009
Mature,1,2010
Mature,1,2011
Mature,1,2012
Mature,1,2013
Mature,1,2014
Mature,1,2015
Mature,1,2016
Mature,1,2017
Mature,1,2018
Mature,1,2019
Mature,1,2020
Mature,1,2021
Mature,1,2022
Mature,1,2023
Mature,1,2024
Mature,1,2025
Mature,1,2026
Mature,1,2027
Mature,1,2028
Mature,1,2029
Mature,1,2030
Mature,1,2031
Mature,1,2032
Mature,1,2033
Mature,1,2034
Mature,1,2035
Mature,1,2036
Mature,1,2037
Mature,1,2038
Mature,1,2039
Mature,1,2040
Mature,1,2041
Mature,1,2042
Mature,1,2043
Mature,1,2044
Mature,1,2045
Mature,1,2046
Mature,1,2047
Mature,1,2048
Mature,1,2049
Mature,1,2050
Mature,1,2051
Mature,1,2052
Mature,1,2053
Mature,1,2054
Mature,1,2055
Mature,1,2056
Mature,1,2057
Mature,1,2058
Mature,1,2059
Mature,1,2060
Mature,1,2061
Mature,1,2062
Mature,1,2063
Mature,1,2064
Mature,1,2065
Mature,1,2066
Mature,1,2067
Mature,1,2068
Mature,1,2069
Mature,1,2070
Mature,1,2071
Mature,1,2072
Mature,1,2073
Mature,1,2074
Mature,1,2075
Mature,1,2076
Mature,1,2077
Mature,1,2078
Mature,1,2079
Mature,1,2080
Mature,1,2081
Mature,1,2082
Mature,1,2083
Mature,1,2084
Mature,1,2085
Mature,1,2086
Mature,1,2087
Mature,1,2088
Mature,1,2089
Mature,1,2090
Mature,1,2091
Mature,1,2092
Mature,1,2093
Mature,1,2094
Mature,1,2095
Mature,1,2096
Mature,1,2097
Mature,1,2098
Mature,1,2099
Mature,1,2100
Mature,1,2101
Mature,1,2102
Mature,1,2103
Mature,1,2104
Mature,1,2105
Mature,1,2106
Mature,1,2107
Mature,1,2108
Mature,1,2109
Mature,1,2110
Mature,1,2111
Mature,1,2112
Mature,1,2113
Mature,1,2114
Mature,1,2115
Mature,1,2116
Mature,1,2117
Mature,1,2118
Mature,1,2119
Mature,1,2120
Mature,1,2121
Mature,1,2122
Mature,1,2123
Mature,1,2124
Mature,1,2125
Mature,1,2126
Mature,1,2127
Mature,1,2128
Mature,1,2129
Mature,1,2130
Mature,1,2131
Mature,1,2132
Mature,1,2133
Mature,1,2134
Mature,1,2135
Mature,1,2136
Mature,1,2137
Mature,1,2138
Mature,1,2139
Mature,1,2140
Mature,1,2141
Mature,1,2142
Mature,1,2143
Mature,1,2144
Mature,1,2145
Mature,1,2146
Mature,1,2147
Mature,1,2148
Mature,1,2149
Mature,1,2150
Mature,1,2151
Mature,1,2152
Mature,1,2153
Mature,1,2154
Mature,1,2155
Mature,1,2156
Mature,1,2157
Mature,1,2158
Mature,1,2159
Mature,1,2160
Mature,1,2161
Mature,1,2162
Mature,1,2163
Mature,1,2164
Mature,1,2165
Mature,1,2166
Mature,1,2167
Mature,1,2168
Mature,1,2169
Mature,1,2170
Mature,1,2171
Mature,1,2172
Mature,1,2173
Mature,1,2174
Mature,1,2175
Mature,1,2176
Mature,1,2177
Mature,1,2178
Mature,1,2179
Mature,1,2180
Mature,1,2181
Mature,1,2182
Mature,1,2183
Mature,1,2184
Mature,1,2185
Mature,1,2186
Mature,1,2187
Mature,1,2188
Mature,1,2189
Mature,1,2190
Mature,1,2191
Mature,1,2192
Mature,1,2193
Mature,1,2194
Mature,1,2195
Mature,1,2196
Mature,1,2197
Mature,1,2198
Mature,1,2199
Mature,1,2200
Mature,1,2201
Mature,1,2202
Mature,1,2203
Mature,1,2204
Mature,1,2205
Mature,1,2206
Mature,1,2207
Mature,1,2208
Mature,1,2209
Mature,1,2210
Mature,1,2211
Mature,1,2212
Mature,1,2213
Mature,1,2214
Mature,1,2215
Mature,1,2216
Mature,1,2217
Mature,1,2218
Mature,1,2219
Mature,1,2220
Mature,1,2221
Mature,1,2222
Mature,1,2223
Mature,1,2224
Mature,1,2225
Mature,1,2226
Mature,1,2227
Mature,1,2228
Mature,1,2229
Mature,1,2230
Mature,1,2231
Mature,1,2232
Mature,1,2233
Mature,1,2234
Mature,1,2235
Mature,1,2236
Mature,1,2237
Mature,1,2238
Mature,1,2239
Mature,1,2240
Mature,1,2241
Mature,1,2242
Mature,1,2243
Mature,1,2244
Mature,1,2245
Mature,1,2246
Mature,1,2247
Mature,1,2248
Mature,1,2249
Mature,1,2250
Mature,1,2251
Mature,1,2252
Mature,1,2253
Mature,1,2254
Mature,1,2255
Mature,1,2256
Mature,1,2257
Mature,1,2258
Mature,1,2259
Mature,1,2260
Mature,1,2261
Mature,1,2262
Mature,1,2263
Mature,1,2264
Mature,1,2265
Mature,1,2266
Mature,1,2267
Mature,1,2268
Mature,1,2269
Mature,1,2270
Mature,1,2271
Mature,1,2272
Mature,1,2273
Mature,1,2274
Mature,1,2275
Mature,1,2276
Mature,1,2277
Mature,1,2278
Mature,1,2279
Mature,1,2280
Mature,1,2281
Mature,1,2282
Mature,1,2283
Mature,1,2284
Mature,1,2285
Mature,1,2286
Mature,1,2287
Mature,1,2288
Mature,1,2289
Mature,1,2290
Mature,1,2291
Mature,1,2292
Mature,1,2293
Mature,1,2294
Mature,1,2295
Mature,1,2296
Mature,1,2297
Mature,1,2298
Mature,1,2299
Mature,1,2300
Everyone,0,2301
Everyone,0,2302
Everyone,0,2303
Everyone,0,2304
Everyone,0,2305
Everyone,0,2306
Everyone,0,2307
Everyone,0,2308
Everyone,0,2309
Everyone,0,2310
Everyone,0,2311
Everyone,0,2312
Everyone,0,2313
Everyone,0,2314
Everyone,0,2315
Everyone,0,2316
Everyone,0,2317
Everyone,0,2318
Everyone,0,2319
Everyone,0,2320
Everyone,0,2321
Everyone,0,2322
Everyone,0,2323
Everyone,0,2324
Everyone,0,2325
Everyone,0,2326
Everyone,0,2327
Everyone,0,2328
Everyone,0,2329
Everyone,0,2330
Everyone,0,2331
Everyone,0,2332
Everyone,0,2333
Everyone,0,2334
Everyone,0,2335
Everyone,0,2336
Everyone,0,2337
Everyone,0,2338
Everyone,0,2339
Everyone,0,2340
Everyone,0,2341
Everyone,0,2342
Everyone,0,2343
Everyone,0,2344
Everyone,0,2345
Everyone,0,2346
Everyone,0,2347
Everyone,0,2348
Everyone,0,2349
Everyone,0,2350
Everyone,0,2351
Everyone,0,2352
Everyone,0,2353
Everyone,0,2354
Everyone,0,2355
Everyone,0,2356
Everyone,0,2357
Everyone,0,2358
Everyone,0,2359
Everyone,0,2360
Everyone,0,2361
Everyone,0,2362
Everyone,0,2363
Everyone,0,2364
Everyone,0,2365
Everyone,0,2366
Everyone,0,2367
Everyone,0,2368
Everyone,0,2369
Everyone,0,2370
Everyone,0,2371
Everyone,0,2372
Everyone,0,2373
Everyone,0,2374
Everyone,0,2375
Everyone,0,2376
Everyone,0,2377
Everyone,0,2378
Everyone,0,2379
Everyone,0,2380
Everyone,0,2381
Everyone,0,2382
Everyone,0,2383
Everyone,0,2384
Everyone,0,2385
Everyone,0,2386
Everyone,0,2387
Everyone,0,2388
Everyone,0,2389
Everyone,0,2390
Everyone,0,2391
Everyone,0,2392
Everyone,0,2393
Everyone,0,2394
Everyone,0,2395
Everyone,0,2396
Everyone,0,2397
Everyone,0,2398
Everyone,0,2399
Everyone,0,2400
Everyone,0,2401
Everyone,0,2402
Everyone,0,2403
Everyone,0,2404
Everyone,0,2405
Everyone,0,2406
Everyone,0,2407
Everyone,0,2408
Everyone,0,2409
Everyone,0,2410
Everyone,0,2411
Everyone,0,2412
Everyone,0,2413
Everyone,0,2414
Everyone,0,2415
Everyone,0,2416
Everyone,0,2417
Everyone,0,2418
Everyone,0,2419
Everyone,0,2420
Everyone,0,2421
Everyone,0,2422
Everyone,0,2423
Everyone,0,2424
Everyone,0,2425
Everyone,0,2426
Everyone,0,2427
Everyone,0,2428
Everyone,0,2429
Everyone,0,2430
Everyone,0,2431
Everyone,0,2432
Everyone,0,2433
Everyone,0,2434
Everyone,0,2435
Everyone,0,2436
Everyone,0,2437
Everyone,0,2438
Everyone,0,2439
Everyone,0,2440
Everyone,0,2441
Everyone,0,2442
Everyone,0,2443
Everyone,0,2444
Everyone,0,2445
Everyone,0,2446
Everyone,0,2447
Everyone,0,2448
Everyone,0,2449
Everyone,0,2450
Everyone,0,2451
Everyone,0,2452
Everyone,0,2453
Everyone,0,2454
Everyone,0,2455
Everyone,0,2456
Everyone,0,2457
Everyone,0,2458
Everyone,0,2459
Everyone,0,2460
Everyone,0,2461
Everyone,0,2462
Everyone,0,2463
Everyone,0,2464
Everyone,0,2465
Everyone,0,2466
Everyone,0,2467
Everyone,0,2468
Everyone,0,2469
Everyone,0,2470
Everyone,0,2471
Everyone,0,2472
Everyone,0,2473
Everyone,0,2474
Everyone,0,2475
Everyone,0,2476
Everyone,0,2477
Everyone,0,2478
Everyone,0,2479
Everyone,0,2480
Everyone,0,2481
Everyone,0,2482
Everyone,0,2483
Everyone,0,2484
Everyone,0,2485
Everyone,0,2486
Everyone,0,2487
Everyone,0,2488
Everyone,0,2489
Everyone,0,2490
Everyone,0,2491
Everyone,0,2492
Everyone,0,2493
Everyone,0,2494
Everyone,0,2495
Everyone,0,2496
Everyone,0,2497
Everyone,0,2498
Everyone,0,2499
Everyone,0,2500
