1,Ubisoft
2,Ubisoft
3,Ubisoft
4,Ubisoft
5,Ubisoft
6,Ubisoft
7,Ubisoft
8,Ubisoft
9,Ubisoft
10,Ubisoft
11,Ubisoft
12,Ubisoft
13,Ubisoft
14,Ubisoft
15,Ubisoft
16,Ubisoft
17,Ubisoft
18,Ubisoft
19,Ubisoft
20,Ubisoft
21,Ubisoft
22,Ubisoft
23,Ubisoft
24,Ubisoft
25,Ubisoft
26,Ubisoft
27,Ubisoft
28,Ubisoft
29,Ubisoft
30,Ubisoft
31,Ubisoft
32,Ubisoft
33,Ubisoft
34,Ubisoft
35,Ubisoft
36,Ubisoft
37,Ubisoft
38,Ubisoft
39,Ubisoft
40,Ubisoft
41,Ubisoft
42,Ubisoft
43,Ubisoft
44,Ubisoft
45,Ubisoft
46,Ubisoft
47,Ubisoft
48,Ubisoft
49,Ubisoft
50,Ubisoft
51,Ubisoft
52,Ubisoft
53,Ubisoft
54,Ubisoft
55,Ubisoft
56,Ubisoft
57,Ubisoft
58,Ubisoft
59,Ubisoft
60,Ubisoft
61,Ubisoft
62,Ubisoft
63,Ubisoft
64,Ubisoft
65,Ubisoft
66,Ubisoft
67,Ubisoft
68,Ubisoft
69,Ubisoft
70,Ubisoft
71,Ubisoft
72,Ubisoft
73,Ubisoft
74,Ubisoft
75,Ubisoft
76,Ubisoft
77,Ubisoft
78,Ubisoft
79,Ubisoft
80,Ubisoft
81,Ubisoft
82,Ubisoft
83,Ubisoft
84,Ubisoft
85,Ubisoft
86,Ubisoft
87,Ubisoft
88,Ubisoft
89,Ubisoft
90,Ubisoft
91,Ubisoft
92,Ubisoft
93,Ubisoft
94,Ubisoft
95,Ubisoft
96,Ubisoft
97,Ubisoft
98,Ubisoft
99,Ubisoft
100,Ubisoft
101,Ubisoft
102,Ubisoft
103,Ubisoft
104,Ubisoft
105,Ubisoft
106,Ubisoft
107,Ubisoft
108,Ubisoft
109,Ubisoft
110,Ubisoft
111,Ubisoft
112,Ubisoft
113,Ubisoft
114,Ubisoft
115,Ubisoft
116,Ubisoft
117,Ubisoft
118,Ubisoft
119,Ubisoft
120,Ubisoft
121,Ubisoft
122,Ubisoft
123,Ubisoft
124,Ubisoft
125,Ubisoft
126,Ubisoft
127,Ubisoft
128,Ubisoft
129,Ubisoft
130,Ubisoft
131,Ubisoft
132,Ubisoft
133,Ubisoft
134,Ubisoft
135,Ubisoft
136,Ubisoft
137,Ubisoft
138,Ubisoft
139,Ubisoft
140,Ubisoft
141,Ubisoft
142,Ubisoft
143,Ubisoft
144,Ubisoft
145,Ubisoft
146,Ubisoft
147,Ubisoft
148,Ubisoft
149,Ubisoft
150,Ubisoft
151,Ubisoft
152,Ubisoft
153,Ubisoft
154,Ubisoft
155,Ubisoft
156,Ubisoft
157,Ubisoft
158,Ubisoft
159,Ubisoft
160,Ubisoft
161,Ubisoft
162,Ubisoft
163,Ubisoft
164,Ubisoft
165,Ubisoft
166,Ubisoft
167,Ubisoft
168,Ubisoft
169,Ubisoft
170,Ubisoft
171,Ubisoft
172,Ubisoft
173,Ubisoft
174,Ubisoft
175,Ubisoft
176,Ubisoft
177,Ubisoft
178,Ubisoft
179,Ubisoft
180,Ubisoft
181,Ubisoft
182,Ubisoft
183,Ubisoft
184,Ubisoft
185,Ubisoft
186,Ubisoft
187,Ubisoft
188,Ubisoft
189,Ubisoft
190,Ubisoft
191,Ubisoft
192,Ubisoft
193,Ubisoft
194,Ubisoft
195,Ubisoft
196,Ubisoft
197,Ubisoft
198,Ubisoft
199,Ubisoft
200,Ubisoft
201,Rockstar Games
202,Rockstar Games
203,Rockstar Games
204,Rockstar Games
205,Rockstar Games
206,Rockstar Games
207,Rockstar Games
208,Rockstar Games
209,Rockstar Games
210,Rockstar Games
211,Rockstar Games
212,Rockstar Games
213,Rockstar Games
214,Rockstar Games
215,Rockstar Games
216,Rockstar Games
217,Rockstar Games
218,Rockstar Games
219,Rockstar Games
220,Rockstar Games
221,Rockstar Games
222,Rockstar Games
223,Rockstar Games
224,Rockstar Games
225,Rockstar Games
226,Rockstar Games
227,Rockstar Games
228,Rockstar Games
229,Rockstar Games
230,Rockstar Games
231,Rockstar Games
232,Rockstar Games
233,Rockstar Games
234,Rockstar Games
235,Rockstar Games
236,Rockstar Games
237,Rockstar Games
238,Rockstar Games
239,Rockstar Games
240,Rockstar Games
241,Rockstar Games
242,Rockstar Games
243,Rockstar Games
244,Rockstar Games
245,Rockstar Games
246,Rockstar Games
247,Rockstar Games
248,Rockstar Games
249,Rockstar Games
250,Rockstar Games
251,Rockstar Games
252,Rockstar Games
253,Rockstar Games
254,Rockstar Games
255,Rockstar Games
256,Rockstar Games
257,Rockstar Games
258,Rockstar Games
259,Rockstar Games
260,Rockstar Games
261,Rockstar Games
262,Rockstar Games
263,Rockstar Games
264,Rockstar Games
265,Rockstar Games
266,Rockstar Games
267,Rockstar Games
268,Rockstar Games
269,Rockstar Games
270,Rockstar Games
271,Rockstar Games
272,Rockstar Games
273,Rockstar Games
274,Rockstar Games
275,Rockstar Games
276,Rockstar Games
277,Rockstar Games
278,Rockstar Games
279,Rockstar Games
280,Rockstar Games
281,Rockstar Games
282,Rockstar Games
283,Rockstar Games
284,Rockstar Games
285,Rockstar Games
286,Rockstar Games
287,Rockstar Games
288,Rockstar Games
289,Rockstar Games
290,Rockstar Games
291,Rockstar Games
292,Rockstar Games
293,Rockstar Games
294,Rockstar Games
295,Rockstar Games
296,Rockstar Games
297,Rockstar Games
298,Rockstar Games
299,Rockstar Games
300,Rockstar Games
301,Rockstar Games
302,Rockstar Games
303,Rockstar Games
304,Rockstar Games
305,Rockstar Games
306,Rockstar Games
307,Rockstar Games
308,Rockstar Games
309,Rockstar Games
310,Rockstar Games
311,Rockstar Games
312,Rockstar Games
313,Rockstar Games
314,Rockstar Games
315,Rockstar Games
316,Rockstar Games
317,Rockstar Games
318,Rockstar Games
319,Rockstar Games
320,Rockstar Games
321,Rockstar Games
322,Rockstar Games
323,Rockstar Games
324,Rockstar Games
325,Rockstar Games
326,Rockstar Games
327,Rockstar Games
328,Rockstar Games
329,Rockstar Games
330,Rockstar Games
331,Rockstar Games
332,Rockstar Games
333,Rockstar Games
334,Rockstar Games
335,Rockstar Games
336,Rockstar Games
337,Rockstar Games
338,Rockstar Games
339,Rockstar Games
340,Rockstar Games
341,Rockstar Games
342,Rockstar Games
343,Rockstar Games
344,Rockstar Games
345,Rockstar Games
346,Rockstar Games
347,Rockstar Games
348,Rockstar Games
349,Rockstar Games
350,Rockstar Games
351,Rockstar Games
352,Rockstar Games
353,Rockstar Games
354,Rockstar Games
355,Rockstar Games
356,Rockstar Games
357,Rockstar Games
358,Rockstar Games
359,Rockstar Games
360,Rockstar Games
361,Rockstar Games
362,Rockstar Games
363,Rockstar Games
364,Rockstar Games
365,Rockstar Games
366,Rockstar Games
367,Rockstar Games
368,Rockstar Games
369,Rockstar Games
370,Rockstar Games
371,Rockstar Games
372,Rockstar Games
373,Rockstar Games
374,Rockstar Games
375,Rockstar Games
376,Rockstar Games
377,Rockstar Games
378,Rockstar Games
379,Rockstar Games
380,Rockstar Games
381,Rockstar Games
382,Rockstar Games
383,Rockstar Games
384,Rockstar Games
385,Rockstar Games
386,Rockstar Games
387,Rockstar Games
388,Rockstar Games
389,Rockstar Games
390,Rockstar Games
391,Rockstar Games
392,Rockstar Games
393,Rockstar Games
394,Rockstar Games
395,Rockstar Games
396,Rockstar Games
397,Rockstar Games
398,Rockstar Games
399,Rockstar Games
400,Rockstar Games
401,Rockstar Games
402,Rockstar Games
403,Rockstar Games
404,Rockstar Games
405,Rockstar Games
406,Rockstar Games
407,Rockstar Games
408,Rockstar Games
409,Rockstar Games
410,Rockstar Games
411,Rockstar Games
412,Rockstar Games
413,Rockstar Games
414,Rockstar Games
415,Rockstar Games
416,Rockstar Games
417,Rockstar Games
418,Rockstar Games
419,Rockstar Games
420,Rockstar Games
421,Rockstar Games
422,Rockstar Games
423,Rockstar Games
424,Rockstar Games
425,Rockstar Games
426,Rockstar Games
427,Rockstar Games
428,Rockstar Games
429,Rockstar Games
430,Rockstar Games
431,Rockstar Games
432,Rockstar Games
433,Rockstar Games
434,Rockstar Games
435,Rockstar Games
436,Rockstar Games
437,Rockstar Games
438,Rockstar Games
439,Rockstar Games
440,Rockstar Games
441,Rockstar Games
442,Rockstar Games
443,Rockstar Games
444,Rockstar Games
445,Rockstar Games
446,Rockstar Games
447,Rockstar Games
448,Rockstar Games
449,Rockstar Games
450,Rockstar Games
451,Rockstar Games
452,Rockstar Games
453,Rockstar Games
454,Rockstar Games
455,Rockstar Games
456,Rockstar Games
457,Rockstar Games
458,Rockstar Games
459,Rockstar Games
460,Rockstar Games
461,Rockstar Games
462,Rockstar Games
463,Rockstar Games
464,Rockstar Games
465,Rockstar Games
466,Rockstar Games
467,Rockstar Games
468,Rockstar Games
469,Rockstar Games
470,Rockstar Games
471,Rockstar Games
472,Rockstar Games
473,Rockstar Games
474,Rockstar Games
475,Rockstar Games
476,Rockstar Games
477,Rockstar Games
478,Rockstar Games
479,Rockstar Games
480,Rockstar Games
481,Rockstar Games
482,Rockstar Games
483,Rockstar Games
484,Rockstar Games
485,Rockstar Games
486,Rockstar Games
487,Rockstar Games
488,Rockstar Games
489,Rockstar Games
490,Rockstar Games
491,Rockstar Games
492,Rockstar Games
493,Rockstar Games
494,Rockstar Games
495,Rockstar Games
496,Rockstar Games
497,Rockstar Games
498,Rockstar Games
499,Rockstar Games
500,Rockstar Games
501,Rockstar Games
502,Rockstar Games
503,Rockstar Games
504,Rockstar Games
505,Rockstar Games
506,Rockstar Games
507,Rockstar Games
508,Rockstar Games
509,Rockstar Games
510,Rockstar Games
511,Rockstar Games
512,Rockstar Games
513,Rockstar Games
514,Rockstar Games
515,Rockstar Games
516,Rockstar Games
517,Rockstar Games
518,Rockstar Games
519,Rockstar Games
520,Rockstar Games
521,Rockstar Games
522,Rockstar Games
523,Rockstar Games
524,Rockstar Games
525,Rockstar Games
526,Rockstar Games
527,Rockstar Games
528,Rockstar Games
529,Rockstar Games
530,Rockstar Games
531,Rockstar Games
532,Rockstar Games
533,Rockstar Games
534,Rockstar Games
535,Rockstar Games
536,Rockstar Games
537,Rockstar Games
538,Rockstar Games
539,Rockstar Games
540,Rockstar Games
541,Rockstar Games
542,Rockstar Games
543,Rockstar Games
544,Rockstar Games
545,Rockstar Games
546,Rockstar Games
547,Rockstar Games
548,Rockstar Games
549,Rockstar Games
550,Rockstar Games
551,Rockstar Games
552,Rockstar Games
553,Rockstar Games
554,Rockstar Games
555,Rockstar Games
556,Rockstar Games
557,Rockstar Games
558,Rockstar Games
559,Rockstar Games
560,Rockstar Games
561,Rockstar Games
562,Rockstar Games
563,Rockstar Games
564,Rockstar Games
565,Rockstar Games
566,Rockstar Games
567,Rockstar Games
568,Rockstar Games
569,Rockstar Games
570,Rockstar Games
571,Rockstar Games
572,Rockstar Games
573,Rockstar Games
574,Rockstar Games
575,Rockstar Games
576,Rockstar Games
577,Rockstar Games
578,Rockstar Games
579,Rockstar Games
580,Rockstar Games
581,Rockstar Games
582,Rockstar Games
583,Rockstar Games
584,Rockstar Games
585,Rockstar Games
586,Rockstar Games
587,Rockstar Games
588,Rockstar Games
589,Rockstar Games
590,Rockstar Games
591,Rockstar Games
592,Rockstar Games
593,Rockstar Games
594,Rockstar Games
595,Rockstar Games
596,Rockstar Games
597,Rockstar Games
598,Rockstar Games
599,Rockstar Games
600,Rockstar Games
601,Rockstar Games
602,Rockstar Games
603,Rockstar Games
604,Rockstar Games
605,Rockstar Games
606,Rockstar Games
607,Rockstar Games
608,Rockstar Games
609,Rockstar Games
610,Rockstar Games
611,Rockstar Games
612,Rockstar Games
613,Rockstar Games
614,Rockstar Games
615,Rockstar Games
616,Rockstar Games
617,Rockstar Games
618,Rockstar Games
619,Rockstar Games
620,Rockstar Games
621,Rockstar Games
622,Rockstar Games
623,Rockstar Games
624,Rockstar Games
625,Rockstar Games
626,Neversoft
627,Neversoft
628,Neversoft
629,Neversoft
630,Neversoft
631,Neversoft
632,Neversoft
633,Neversoft
634,Neversoft
635,Neversoft
636,Neversoft
637,Neversoft
638,Neversoft
639,Neversoft
640,Neversoft
641,Neversoft
642,Neversoft
643,Neversoft
644,Neversoft
645,Neversoft
646,Neversoft
647,Neversoft
648,Neversoft
649,Neversoft
650,Neversoft
651,Neversoft
652,Neversoft
653,Neversoft
654,Neversoft
655,Neversoft
656,Neversoft
657,Neversoft
658,Neversoft
659,Neversoft
660,Neversoft
661,Neversoft
662,Neversoft
663,Neversoft
664,Neversoft
665,Neversoft
666,Neversoft
667,Neversoft
668,Neversoft
669,Neversoft
670,Neversoft
671,Neversoft
672,Neversoft
673,Neversoft
674,Neversoft
675,Neversoft
676,Neversoft
677,Neversoft
678,Neversoft
679,Neversoft
680,Neversoft
681,Neversoft
682,Neversoft
683,Neversoft
684,Neversoft
685,Neversoft
686,Neversoft
687,Neversoft
688,Neversoft
689,Neversoft
690,Neversoft
691,Neversoft
692,Neversoft
693,Neversoft
694,Neversoft
695,Neversoft
696,Neversoft
697,Neversoft
698,Neversoft
699,Neversoft
700,Neversoft
701,Neversoft
702,Neversoft
703,Neversoft
704,Neversoft
705,Neversoft
706,Neversoft
707,Neversoft
708,Neversoft
709,Neversoft
710,Neversoft
711,Neversoft
712,Neversoft
713,Neversoft
714,Neversoft
715,Neversoft
716,Neversoft
717,Neversoft
718,Neversoft
719,Neversoft
720,Neversoft
721,Neversoft
722,Neversoft
723,Neversoft
724,Neversoft
725,Neversoft
726,Neversoft
727,Neversoft
728,Neversoft
729,Neversoft
730,Neversoft
731,Neversoft
732,Neversoft
733,Neversoft
734,Neversoft
735,Neversoft
736,Neversoft
737,Neversoft
738,Neversoft
739,Neversoft
740,Neversoft
741,Neversoft
742,Neversoft
743,Neversoft
744,Neversoft
745,Neversoft
746,Neversoft
747,Neversoft
748,Neversoft
749,Neversoft
750,Neversoft
751,Neversoft
752,Neversoft
753,Neversoft
754,Neversoft
755,Neversoft
756,Neversoft
757,Neversoft
758,Neversoft
759,Neversoft
760,Neversoft
761,Neversoft
762,Neversoft
763,Neversoft
764,Neversoft
765,Neversoft
766,Neversoft
767,Neversoft
768,Neversoft
769,Neversoft
770,Neversoft
771,Neversoft
772,Neversoft
773,Neversoft
774,Neversoft
775,Neversoft
776,Neversoft
777,Neversoft
778,Neversoft
779,Neversoft
780,Neversoft
781,Neversoft
782,Neversoft
783,Neversoft
784,Neversoft
785,Neversoft
786,Neversoft
787,Neversoft
788,Neversoft
789,Neversoft
790,Neversoft
791,Neversoft
792,Neversoft
793,Neversoft
794,Neversoft
795,Neversoft
796,Neversoft
797,Neversoft
798,Neversoft
799,Neversoft
800,Neversoft
801,Neversoft
802,Neversoft
803,Neversoft
804,Neversoft
805,Neversoft
806,Neversoft
807,Neversoft
808,Neversoft
809,Neversoft
810,Neversoft
811,Neversoft
812,Neversoft
813,Neversoft
814,Neversoft
815,Neversoft
816,Neversoft
817,Neversoft
818,Neversoft
819,Neversoft
820,Neversoft
821,Neversoft
822,Neversoft
823,Neversoft
824,Neversoft
825,Neversoft
826,Neversoft
827,Neversoft
828,Neversoft
829,Neversoft
830,Neversoft
831,Neversoft
832,Neversoft
833,Neversoft
834,Neversoft
835,Neversoft
836,Neversoft
837,Neversoft
838,Neversoft
839,Neversoft
840,Neversoft
841,Neversoft
842,Neversoft
843,Neversoft
844,Neversoft
845,Neversoft
846,Neversoft
847,Neversoft
848,Neversoft
849,Neversoft
850,Neversoft
851,Neversoft
852,Neversoft
853,Neversoft
854,Neversoft
855,Neversoft
856,Neversoft
857,Neversoft
858,Neversoft
859,Neversoft
860,Neversoft
861,Neversoft
862,Neversoft
863,Neversoft
864,Neversoft
865,Neversoft
866,Neversoft
867,Neversoft
868,Neversoft
869,Neversoft
870,Neversoft
871,Neversoft
872,Neversoft
873,Neversoft
874,Neversoft
875,Neversoft
876,Neversoft
877,Neversoft
878,Neversoft
879,Neversoft
880,Neversoft
881,Neversoft
882,Neversoft
883,Neversoft
884,Neversoft
885,Neversoft
886,Neversoft
887,Neversoft
888,Neversoft
889,Neversoft
890,Neversoft
891,Neversoft
892,Neversoft
893,Neversoft
894,Neversoft
895,Neversoft
896,Neversoft
897,Neversoft
898,Neversoft
899,Neversoft
900,Neversoft
901,Neversoft
902,Neversoft
903,Neversoft
904,Neversoft
905,Neversoft
906,Neversoft
907,Neversoft
908,Neversoft
909,Neversoft
910,Neversoft
911,Neversoft
912,Neversoft
913,Neversoft
914,Neversoft
915,Neversoft
916,Neversoft
917,Neversoft
918,Neversoft
919,Neversoft
920,Neversoft
921,Neversoft
922,Neversoft
923,Neversoft
924,Neversoft
925,Neversoft
926,Neversoft
927,Neversoft
928,Neversoft
929,Neversoft
930,Neversoft
931,Neversoft
932,Neversoft
933,Neversoft
934,Neversoft
935,Neversoft
936,Neversoft
937,Neversoft
938,Neversoft
939,Neversoft
940,Neversoft
941,Neversoft
942,Neversoft
943,Neversoft
944,Neversoft
945,Neversoft
946,Neversoft
947,Neversoft
948,Neversoft
949,Neversoft
950,Neversoft
951,Neversoft
952,Neversoft
953,Neversoft
954,Neversoft
955,Neversoft
956,Neversoft
957,Neversoft
958,Neversoft
959,Neversoft
960,Neversoft
961,Neversoft
962,Neversoft
963,Neversoft
964,Neversoft
965,Neversoft
966,Neversoft
967,Neversoft
968,Neversoft
969,Neversoft
970,Neversoft
971,Neversoft
972,Neversoft
973,Neversoft
974,Neversoft
975,Neversoft
976,Neversoft
977,Neversoft
978,Neversoft
979,Neversoft
980,Neversoft
981,Neversoft
982,Neversoft
983,Neversoft
984,Neversoft
985,Neversoft
986,Neversoft
987,Neversoft
988,Neversoft
989,Neversoft
990,Neversoft
991,Neversoft
992,Neversoft
993,Neversoft
994,Neversoft
995,Neversoft
996,Neversoft
997,Neversoft
998,Neversoft
999,Neversoft
1000,Neversoft
1001,Neversoft
1002,Neversoft
1003,Neversoft
1004,Neversoft
1005,Neversoft
1006,Neversoft
1007,Neversoft
1008,Neversoft
1009,Neversoft
1010,Neversoft
1011,Neversoft
1012,Neversoft
1013,Neversoft
1014,Neversoft
1015,Neversoft
1016,Neversoft
1017,Neversoft
1018,Neversoft
1019,Neversoft
1020,Neversoft
1021,Neversoft
1022,Neversoft
1023,Neversoft
1024,Neversoft
1025,Neversoft
1026,Neversoft
1027,Neversoft
1028,Neversoft
1029,Neversoft
1030,Neversoft
1031,Neversoft
1032,Neversoft
1033,Neversoft
1034,Neversoft
1035,Neversoft
1036,Neversoft
1037,Neversoft
1038,Neversoft
1039,Neversoft
1040,Neversoft
1041,Neversoft
1042,Neversoft
1043,Neversoft
1044,Neversoft
1045,Neversoft
1046,Neversoft
1047,Neversoft
1048,Neversoft
1049,Neversoft
1050,Neversoft
1051,Neversoft
1052,Neversoft
1053,Neversoft
1054,Neversoft
1055,Neversoft
1056,Neversoft
1057,Neversoft
1058,Neversoft
1059,Neversoft
1060,Neversoft
1061,Neversoft
1062,Neversoft
1063,Neversoft
1064,Neversoft
1065,Neversoft
1066,Neversoft
1067,Neversoft
1068,Neversoft
1069,Neversoft
1070,Neversoft
1071,Neversoft
1072,Neversoft
1073,Neversoft
1074,Neversoft
1075,Neversoft
1076,Neversoft
1077,Neversoft
1078,Neversoft
1079,Neversoft
1080,Neversoft
1081,Neversoft
1082,Neversoft
1083,Neversoft
1084,Neversoft
1085,Neversoft
1086,Neversoft
1087,Neversoft
1088,Neversoft
1089,Neversoft
1090,Neversoft
1091,Neversoft
1092,Neversoft
1093,Neversoft
1094,Neversoft
1095,Neversoft
1096,Neversoft
1097,Neversoft
1098,Neversoft
1099,Neversoft
1100,Neversoft
1101,Neversoft
1102,Neversoft
1103,Neversoft
1104,Neversoft
1105,Neversoft
1106,Neversoft
1107,Neversoft
1108,Neversoft
1109,Neversoft
1110,Neversoft
1111,Neversoft
1112,Neversoft
1113,Neversoft
1114,Neversoft
1115,Neversoft
1116,Neversoft
1117,Neversoft
1118,Neversoft
1119,Neversoft
1120,Neversoft
1121,Neversoft
1122,Neversoft
1123,Neversoft
1124,Neversoft
1125,Neversoft
1126,Neversoft
1127,Neversoft
1128,Neversoft
1129,Neversoft
1130,Neversoft
1131,Neversoft
1132,Neversoft
1133,Neversoft
1134,Neversoft
1135,Neversoft
1136,Neversoft
1137,Neversoft
1138,Neversoft
1139,Neversoft
1140,Neversoft
1141,Neversoft
1142,Neversoft
1143,Neversoft
1144,Neversoft
1145,Neversoft
1146,Neversoft
1147,Neversoft
1148,Neversoft
1149,Neversoft
1150,Neversoft
1151,Neversoft
1152,Neversoft
1153,Neversoft
1154,Neversoft
1155,Neversoft
1156,Neversoft
1157,Neversoft
1158,Neversoft
1159,Neversoft
1160,Neversoft
1161,Neversoft
1162,Neversoft
1163,Neversoft
1164,Neversoft
1165,Neversoft
1166,Neversoft
1167,Neversoft
1168,Neversoft
1169,Neversoft
1170,Neversoft
1171,Neversoft
1172,Neversoft
1173,Neversoft
1174,Neversoft
1175,Neversoft
1176,Neversoft
1177,Neversoft
1178,Neversoft
1179,Neversoft
1180,Neversoft
1181,Neversoft
1182,Neversoft
1183,Neversoft
1184,Neversoft
1185,Neversoft
1186,Neversoft
1187,Neversoft
1188,Neversoft
1189,Neversoft
1190,Neversoft
1191,Neversoft
1192,Neversoft
1193,Neversoft
1194,Neversoft
1195,Neversoft
1196,Neversoft
1197,Neversoft
1198,Neversoft
1199,Neversoft
1200,Neversoft
1201,Neversoft
1202,Neversoft
1203,Neversoft
1204,Neversoft
1205,Neversoft
1206,Neversoft
1207,Neversoft
1208,Neversoft
1209,Neversoft
1210,Neversoft
1211,Neversoft
1212,Neversoft
1213,Neversoft
1214,Neversoft
1215,Neversoft
1216,Neversoft
1217,Neversoft
1218,Neversoft
1219,Neversoft
1220,Neversoft
1221,Neversoft
1222,Neversoft
1223,Neversoft
1224,Neversoft
1225,Neversoft
1226,Neversoft
1227,Neversoft
1228,Neversoft
1229,Neversoft
1230,Neversoft
1231,Neversoft
1232,Neversoft
1233,Neversoft
1234,Neversoft
1235,Neversoft
1236,Neversoft
1237,Neversoft
1238,Neversoft
1239,Neversoft
1240,Neversoft
1241,Neversoft
1242,Neversoft
1243,Neversoft
1244,Neversoft
1245,Neversoft
1246,Neversoft
1247,Neversoft
1248,Neversoft
1249,Neversoft
1250,Neversoft
1251,Neversoft
1252,Neversoft
1253,Neversoft
1254,Neversoft
1255,Neversoft
1256,Neversoft
1257,Neversoft
1258,Neversoft
1259,Neversoft
1260,Neversoft
1261,Neversoft
1262,Neversoft
1263,Neversoft
1264,Neversoft
1265,Neversoft
1266,Neversoft
1267,Neversoft
1268,Neversoft
1269,Neversoft
1270,Neversoft
1271,Neversoft
1272,Neversoft
1273,Neversoft
1274,Neversoft
1275,Neversoft
1276,Neversoft
1277,Neversoft
1278,Neversoft
1279,Neversoft
1280,Neversoft
1281,Neversoft
1282,Neversoft
1283,Neversoft
1284,Neversoft
1285,Neversoft
1286,Neversoft
1287,Neversoft
1288,Neversoft
1289,Neversoft
1290,Neversoft
1291,Neversoft
1292,Neversoft
1293,Neversoft
1294,Neversoft
1295,Neversoft
1296,Neversoft
1297,Neversoft
1298,Neversoft
1299,Neversoft
1300,Neversoft
1301,Neversoft
1302,Neversoft
1303,Neversoft
1304,Neversoft
1305,Neversoft
1306,Neversoft
1307,Neversoft
1308,Neversoft
1309,Neversoft
1310,Neversoft
1311,Neversoft
1312,Neversoft
1313,Neversoft
1314,Neversoft
1315,Neversoft
1316,Neversoft
1317,Neversoft
1318,Neversoft
1319,Neversoft
1320,Neversoft
1321,Neversoft
1322,Neversoft
1323,Neversoft
1324,Neversoft
1325,Neversoft
1326,Neversoft
1327,Neversoft
1328,Neversoft
1329,Neversoft
1330,Neversoft
1331,Neversoft
1332,Neversoft
1333,Neversoft
1334,Neversoft
1335,Neversoft
1336,Neversoft
1337,Neversoft
1338,Neversoft
1339,Neversoft
1340,Neversoft
1341,Neversoft
1342,Neversoft
1343,Neversoft
1344,Neversoft
1345,Neversoft
1346,Neversoft
1347,Neversoft
1348,Neversoft
1349,Neversoft
1350,Neversoft
1351,Neversoft
1352,Neversoft
1353,Neversoft
1354,Neversoft
1355,Neversoft
1356,Neversoft
1357,Neversoft
1358,Neversoft
1359,Neversoft
1360,Neversoft
1361,Neversoft
1362,Neversoft
1363,Neversoft
1364,Neversoft
1365,Neversoft
1366,Neversoft
1367,Neversoft
1368,Neversoft
1369,Neversoft
1370,Neversoft
1371,Neversoft
1372,Neversoft
1373,Neversoft
1374,Neversoft
1375,Neversoft
1376,Neversoft
1377,Neversoft
1378,Neversoft
1379,Neversoft
1380,Neversoft
1381,Neversoft
1382,Neversoft
1383,Neversoft
1384,Neversoft
1385,Neversoft
1386,Neversoft
1387,Neversoft
1388,Neversoft
1389,Neversoft
1390,Neversoft
1391,Neversoft
1392,Neversoft
1393,Neversoft
1394,Neversoft
1395,Neversoft
1396,Neversoft
1397,Neversoft
1398,Neversoft
1399,Neversoft
1400,Neversoft
1401,Neversoft
1402,Neversoft
1403,Neversoft
1404,Neversoft
1405,Neversoft
1406,Neversoft
1407,Neversoft
1408,Neversoft
1409,Neversoft
1410,Neversoft
1411,Neversoft
1412,Neversoft
1413,Neversoft
1414,Neversoft
1415,Neversoft
1416,Neversoft
1417,Neversoft
1418,Neversoft
1419,Neversoft
1420,Neversoft
1421,Neversoft
1422,Neversoft
1423,Neversoft
1424,Neversoft
1425,Neversoft
1426,Neversoft
1427,Neversoft
1428,Neversoft
1429,Neversoft
1430,Neversoft
1431,Neversoft
1432,Neversoft
1433,Neversoft
1434,Neversoft
1435,Neversoft
1436,Neversoft
1437,Neversoft
1438,Neversoft
1439,Neversoft
1440,Neversoft
1441,Neversoft
1442,Neversoft
1443,Neversoft
1444,Neversoft
1445,Neversoft
1446,Neversoft
1447,Neversoft
1448,Neversoft
1449,Neversoft
1450,Neversoft
1451,Neversoft
1452,Neversoft
1453,Neversoft
1454,Neversoft
1455,Neversoft
1456,Neversoft
1457,Neversoft
1458,Neversoft
1459,Neversoft
1460,Neversoft
1461,Neversoft
1462,Neversoft
1463,Neversoft
1464,Neversoft
1465,Neversoft
1466,Neversoft
1467,Neversoft
1468,Neversoft
1469,Neversoft
1470,Neversoft
1471,Neversoft
1472,Neversoft
1473,Neversoft
1474,Neversoft
1475,Neversoft
1476,Neversoft
1477,Neversoft
1478,Neversoft
1479,Neversoft
1480,Neversoft
1481,Neversoft
1482,Neversoft
1483,Neversoft
1484,Neversoft
1485,Neversoft
1486,Neversoft
1487,Neversoft
1488,Neversoft
1489,Neversoft
1490,Neversoft
1491,Neversoft
1492,Neversoft
1493,Neversoft
1494,Neversoft
1495,Neversoft
1496,Neversoft
1497,Neversoft
1498,Neversoft
1499,Neversoft
1500,Neversoft
1501,Neversoft
1502,Neversoft
1503,Neversoft
1504,Neversoft
1505,Neversoft
1506,Neversoft
1507,Neversoft
1508,Neversoft
1509,Neversoft
1510,Neversoft
1511,Neversoft
1512,Neversoft
1513,Neversoft
1514,Neversoft
1515,Neversoft
1516,Neversoft
1517,Neversoft
1518,Neversoft
1519,Neversoft
1520,Neversoft
1521,Neversoft
1522,Neversoft
1523,Neversoft
1524,Neversoft
1525,Neversoft
1526,Neversoft
1527,Neversoft
1528,Neversoft
1529,Neversoft
1530,Neversoft
1531,Neversoft
1532,Neversoft
1533,Neversoft
1534,Neversoft
1535,Neversoft
1536,Neversoft
1537,Neversoft
1538,Neversoft
1539,Neversoft
1540,Neversoft
1541,Neversoft
1542,Neversoft
1543,Neversoft
1544,Neversoft
1545,Neversoft
1546,Neversoft
1547,Neversoft
1548,Neversoft
1549,Neversoft
1550,Neversoft
1551,Neversoft
1552,Neversoft
1553,Neversoft
1554,Neversoft
1555,Neversoft
1556,Neversoft
1557,Neversoft
1558,Neversoft
1559,Neversoft
1560,Neversoft
1561,Neversoft
1562,Neversoft
1563,Neversoft
1564,Neversoft
1565,Neversoft
1566,Neversoft
1567,Neversoft
1568,Neversoft
1569,Neversoft
1570,Neversoft
1571,Neversoft
1572,Neversoft
1573,Neversoft
1574,Neversoft
1575,Neversoft
1576,Neversoft
1577,Neversoft
1578,Neversoft
1579,Neversoft
1580,Neversoft
1581,Neversoft
1582,Neversoft
1583,Neversoft
1584,Neversoft
1585,Neversoft
1586,Neversoft
1587,Neversoft
1588,Neversoft
1589,Neversoft
1590,Neversoft
1591,Neversoft
1592,Neversoft
1593,Neversoft
1594,Neversoft
1595,Neversoft
1596,Neversoft
1597,Neversoft
1598,Neversoft
1599,Neversoft
1600,Neversoft
1601,Neversoft
1602,Neversoft
1603,Neversoft
1604,Neversoft
1605,Neversoft
1606,Neversoft
1607,Neversoft
1608,Neversoft
1609,Neversoft
1610,Neversoft
1611,Neversoft
1612,Neversoft
1613,Neversoft
1614,Neversoft
1615,Neversoft
1616,Neversoft
1617,Neversoft
1618,Neversoft
1619,Neversoft
1620,Neversoft
1621,Neversoft
1622,Neversoft
1623,Neversoft
1624,Neversoft
1625,Neversoft
1626,Neversoft
1627,Neversoft
1628,Neversoft
1629,Neversoft
1630,Neversoft
1631,Neversoft
1632,Neversoft
1633,Neversoft
1634,Neversoft
1635,Neversoft
1636,Neversoft
1637,Neversoft
1638,Neversoft
1639,Neversoft
1640,Neversoft
1641,Neversoft
1642,Neversoft
1643,Neversoft
1644,Neversoft
1645,Neversoft
1646,Neversoft
1647,Neversoft
1648,Neversoft
1649,Neversoft
1650,Neversoft
1651,Neversoft
1652,Neversoft
1653,Neversoft
1654,Neversoft
1655,Neversoft
1656,Neversoft
1657,Neversoft
1658,Neversoft
1659,Neversoft
1660,Neversoft
1661,Neversoft
1662,Neversoft
1663,Neversoft
1664,Neversoft
1665,Neversoft
1666,Neversoft
1667,Neversoft
1668,Neversoft
1669,Neversoft
1670,Neversoft
1671,Neversoft
1672,Neversoft
1673,Neversoft
1674,Neversoft
1675,Neversoft
1676,Neversoft
1677,Neversoft
1678,Neversoft
1679,Neversoft
1680,Neversoft
1681,Neversoft
1682,Neversoft
1683,Neversoft
1684,Neversoft
1685,Neversoft
1686,Neversoft
1687,Neversoft
1688,Neversoft
1689,Neversoft
1690,Neversoft
1691,Neversoft
1692,Neversoft
1693,Neversoft
1694,Neversoft
1695,Neversoft
1696,Neversoft
1697,Neversoft
1698,Neversoft
1699,Neversoft
1700,Neversoft
1701,Neversoft
1702,Neversoft
1703,Neversoft
1704,Neversoft
1705,Neversoft
1706,Neversoft
1707,Neversoft
1708,Neversoft
1709,Neversoft
1710,Neversoft
1711,Neversoft
1712,Neversoft
1713,Neversoft
1714,Neversoft
1715,Neversoft
1716,Neversoft
1717,Neversoft
1718,Neversoft
1719,Neversoft
1720,Neversoft
1721,Neversoft
1722,Neversoft
1723,Neversoft
1724,Neversoft
1725,Neversoft
1726,Neversoft
1727,Neversoft
1728,Neversoft
1729,Neversoft
1730,Neversoft
1731,Neversoft
1732,Neversoft
1733,Neversoft
1734,Neversoft
1735,Neversoft
1736,Neversoft
1737,Neversoft
1738,Neversoft
1739,Neversoft
1740,Neversoft
1741,Neversoft
1742,Neversoft
1743,Neversoft
1744,Neversoft
1745,Neversoft
1746,Neversoft
1747,Neversoft
1748,Neversoft
1749,Neversoft
1750,Neversoft
1751,Neversoft
1752,Neversoft
1753,Neversoft
1754,Neversoft
1755,Neversoft
1756,Neversoft
1757,Neversoft
1758,Neversoft
1759,Neversoft
1760,Neversoft
1761,Neversoft
1762,Neversoft
1763,Neversoft
1764,Neversoft
1765,Neversoft
1766,Neversoft
1767,Neversoft
1768,Neversoft
1769,Neversoft
1770,Neversoft
1771,Neversoft
1772,Neversoft
1773,Neversoft
1774,Neversoft
1775,Neversoft
1776,Activision
1777,Activision
1778,Activision
1779,Activision
1780,Activision
1781,Activision
1782,Activision
1783,Activision
1784,Activision
1785,Activision
1786,Activision
1787,Activision
1788,Activision
1789,Activision
1790,Activision
1791,Activision
1792,Activision
1793,Activision
1794,Activision
1795,Activision
1796,Activision
1797,Activision
1798,Activision
1799,Activision
1800,Activision
1801,Activision
1802,Activision
1803,Activision
1804,Activision
1805,Activision
1806,Activision
1807,Activision
1808,Activision
1809,Activision
1810,Activision
1811,Activision
1812,Activision
1813,Activision
1814,Activision
1815,Activision
1816,Activision
1817,Activision
1818,Activision
1819,Activision
1820,Activision
1821,Activision
1822,Activision
1823,Activision
1824,Activision
1825,Activision
1826,Activision
1827,Activision
1828,Activision
1829,Activision
1830,Activision
1831,Activision
1832,Activision
1833,Activision
1834,Activision
1835,Activision
1836,Activision
1837,Activision
1838,Activision
1839,Activision
1840,Activision
1841,Activision
1842,Activision
1843,Activision
1844,Activision
1845,Activision
1846,Activision
1847,Activision
1848,Activision
1849,Activision
1850,Activision
1851,Activision
1852,Activision
1853,Activision
1854,Activision
1855,Activision
1856,Activision
1857,Activision
1858,Activision
1859,Activision
1860,Activision
1861,Activision
1862,Activision
1863,Activision
1864,Activision
1865,Activision
1866,Activision
1867,Activision
1868,Activision
1869,Activision
1870,Activision
1871,Activision
1872,Activision
1873,Activision
1874,Activision
1875,Activision
1876,Activision
1877,Activision
1878,Activision
1879,Activision
1880,Activision
1881,Activision
1882,Activision
1883,Activision
1884,Activision
1885,Activision
1886,Activision
1887,Activision
1888,Activision
1889,Activision
1890,Activision
1891,Activision
1892,Activision
1893,Activision
1894,Activision
1895,Activision
1896,Activision
1897,Activision
1898,Activision
1899,Activision
1900,Activision
1901,Activision
1902,Activision
1903,Activision
1904,Activision
1905,Activision
1906,Activision
1907,Activision
1908,Activision
1909,Activision
1910,Activision
1911,Activision
1912,Activision
1913,Activision
1914,Activision
1915,Activision
1916,Activision
1917,Activision
1918,Activision
1919,Activision
1920,Activision
1921,Activision
1922,Activision
1923,Activision
1924,Activision
1925,Activision
1926,Activision
1927,Activision
1928,Activision
1929,Activision
1930,Activision
1931,Activision
1932,Activision
1933,Activision
1934,Activision
1935,Activision
1936,Activision
1937,Activision
1938,Activision
1939,Activision
1940,Activision
1941,Activision
1942,Activision
1943,Activision
1944,Activision
1945,Activision
1946,Activision
1947,Activision
1948,Activision
1949,Activision
1950,Activision
1951,Activision
1952,Activision
1953,Activision
1954,Activision
1955,Activision
1956,Activision
1957,Activision
1958,Activision
1959,Activision
1960,Activision
1961,Activision
1962,Activision
1963,Activision
1964,Activision
1965,Activision
1966,Activision
1967,Activision
1968,Activision
1969,Activision
1970,Activision
1971,Activision
1972,Activision
1973,Activision
1974,Activision
1975,Activision
1976,Activision
1977,Activision
1978,Activision
1979,Activision
1980,Activision
1981,Activision
1982,Activision
1983,Activision
1984,Activision
1985,Activision
1986,Activision
1987,Activision
1988,Activision
1989,Activision
1990,Activision
1991,Activision
1992,Activision
1993,Activision
1994,Activision
1995,Activision
1996,Activision
1997,Activision
1998,Activision
1999,Activision
2000,Activision
2001,Activision
2002,Activision
2003,Activision
2004,Activision
2005,Activision
2006,Activision
2007,Activision
2008,Activision
2009,Activision
2010,Activision
2011,Activision
2012,Activision
2013,Activision
2014,Activision
2015,Activision
2016,Activision
2017,Activision
2018,Activision
2019,Activision
2020,Activision
2021,Activision
2022,Activision
2023,Activision
2024,Activision
2025,Activision
2026,Activision
2027,Activision
2028,Activision
2029,Activision
2030,Activision
2031,Activision
2032,Activision
2033,Activision
2034,Activision
2035,Activision
2036,Activision
2037,Activision
2038,Activision
2039,Activision
2040,Activision
2041,Activision
2042,Activision
2043,Activision
2044,Activision
2045,Activision
2046,Activision
2047,Activision
2048,Activision
2049,Activision
2050,Activision
2051,Activision
2052,Activision
2053,Activision
2054,Activision
2055,Activision
2056,Activision
2057,Activision
2058,Activision
2059,Activision
2060,Activision
2061,Activision
2062,Activision
2063,Activision
2064,Activision
2065,Activision
2066,Activision
2067,Activision
2068,Activision
2069,Activision
2070,Activision
2071,Activision
2072,Activision
2073,Activision
2074,Activision
2075,Activision
2076,Activision
2077,Activision
2078,Activision
2079,Activision
2080,Activision
2081,Activision
2082,Activision
2083,Activision
2084,Activision
2085,Activision
2086,Activision
2087,Activision
2088,Activision
2089,Activision
2090,Activision
2091,Activision
2092,Activision
2093,Activision
2094,Activision
2095,Activision
2096,Activision
2097,Activision
2098,Activision
2099,Activision
2100,Activision
2101,Activision
2102,Activision
2103,Activision
2104,Activision
2105,Activision
2106,Activision
2107,Activision
2108,Activision
2109,Activision
2110,Activision
2111,Activision
2112,Activision
2113,Activision
2114,Activision
2115,Activision
2116,Activision
2117,Activision
2118,Activision
2119,Activision
2120,Activision
2121,Activision
2122,Activision
2123,Activision
2124,Activision
2125,Activision
2126,Activision
2127,Activision
2128,Activision
2129,Activision
2130,Activision
2131,Activision
2132,Activision
2133,Activision
2134,Activision
2135,Activision
2136,Activision
2137,Activision
2138,Activision
2139,Activision
2140,Activision
2141,Activision
2142,Activision
2143,Activision
2144,Activision
2145,Activision
2146,Activision
2147,Activision
2148,Activision
2149,Activision
2150,Activision
2151,Activision
2152,Activision
2153,Activision
2154,Activision
2155,Activision
2156,Activision
2157,Activision
2158,Activision
2159,Activision
2160,Activision
2161,Activision
2162,Activision
2163,Activision
2164,Activision
2165,Activision
2166,Activision
2167,Activision
2168,Activision
2169,Activision
2170,Activision
2171,Activision
2172,Activision
2173,Activision
2174,Activision
2175,Activision
2176,Activision
2177,Activision
2178,Activision
2179,Activision
2180,Activision
2181,Activision
2182,Activision
2183,Activision
2184,Activision
2185,Activision
2186,Activision
2187,Activision
2188,Activision
2189,Activision
2190,Activision
2191,Activision
2192,Activision
2193,Activision
2194,Activision
2195,Activision
2196,Activision
2197,Activision
2198,Activision
2199,Activision
2200,Activision
2201,Activision
2202,Activision
2203,Activision
2204,Activision
2205,Activision
2206,Activision
2207,Activision
2208,Activision
2209,Activision
2210,Activision
2211,Activision
2212,Activision
2213,Activision
2214,Activision
2215,Activision
2216,Activision
2217,Activision
2218,Activision
2219,Activision
2220,Activision
2221,Activision
2222,Activision
2223,Activision
2224,Activision
2225,Activision
2226,Activision
2227,Activision
2228,Activision
2229,Activision
2230,Activision
2231,Activision
2232,Activision
2233,Activision
2234,Activision
2235,Activision
2236,Activision
2237,Activision
2238,Activision
2239,Activision
2240,Activision
2241,Activision
2242,Activision
2243,Activision
2244,Activision
2245,Activision
2246,Activision
2247,Activision
2248,Activision
2249,Activision
2250,Activision
2251,Activision
2252,Activision
2253,Activision
2254,Activision
2255,Activision
2256,Activision
2257,Activision
2258,Activision
2259,Activision
2260,Activision
2261,Activision
2262,Activision
2263,Activision
2264,Activision
2265,Activision
2266,Activision
2267,Activision
2268,Activision
2269,Activision
2270,Activision
2271,Activision
2272,Activision
2273,Activision
2274,Activision
2275,Activision
2276,Activision
2277,Activision
2278,Activision
2279,Activision
2280,Activision
2281,Activision
2282,Activision
2283,Activision
2284,Activision
2285,Activision
2286,Activision
2287,Activision
2288,Activision
2289,Activision
2290,Activision
2291,Activision
2292,Activision
2293,Activision
2294,Activision
2295,Activision
2296,Activision
2297,Activision
2298,Activision
2299,Activision
2300,Activision
2301,Square Enix
2302,Square Enix
2303,Square Enix
2304,Square Enix
2305,Square Enix
2306,Square Enix
2307,Square Enix
2308,Square Enix
2309,Square Enix
2310,Square Enix
2311,Square Enix
2312,Square Enix
2313,Square Enix
2314,Square Enix
2315,Square Enix
2316,Square Enix
2317,Square Enix
2318,Square Enix
2319,Square Enix
2320,Square Enix
2321,Square Enix
2322,Square Enix
2323,Square Enix
2324,Square Enix
2325,Square Enix
2326,Square Enix
2327,Square Enix
2328,Square Enix
2329,Square Enix
2330,Square Enix
2331,Square Enix
2332,Square Enix
2333,Square Enix
2334,Square Enix
2335,Square Enix
2336,Square Enix
2337,Square Enix
2338,Square Enix
2339,Square Enix
2340,Square Enix
2341,Square Enix
2342,Square Enix
2343,Square Enix
2344,Square Enix
2345,Square Enix
2346,Square Enix
2347,Square Enix
2348,Square Enix
2349,Square Enix
2350,Square Enix
2351,Square Enix
2352,Square Enix
2353,Square Enix
2354,Square Enix
2355,Square Enix
2356,Square Enix
2357,Square Enix
2358,Square Enix
2359,Square Enix
2360,Square Enix
2361,Square Enix
2362,Square Enix
2363,Square Enix
2364,Square Enix
2365,Square Enix
2366,Square Enix
2367,Square Enix
2368,Square Enix
2369,Square Enix
2370,Square Enix
2371,Square Enix
2372,Square Enix
2373,Square Enix
2374,Square Enix
2375,Square Enix
2376,Square Enix
2377,Square Enix
2378,Square Enix
2379,Square Enix
2380,Square Enix
2381,Square Enix
2382,Square Enix
2383,Square Enix
2384,Square Enix
2385,Square Enix
2386,Square Enix
2387,Square Enix
2388,Square Enix
2389,Square Enix
2390,Square Enix
2391,Square Enix
2392,Square Enix
2393,Square Enix
2394,Square Enix
2395,Square Enix
2396,Square Enix
2397,Square Enix
2398,Square Enix
2399,Square Enix
2400,Square Enix
2401,Square Enix
2402,Square Enix
2403,Square Enix
2404,Square Enix
2405,Square Enix
2406,Square Enix
2407,Square Enix
2408,Square Enix
2409,Square Enix
2410,Square Enix
2411,Square Enix
2412,Square Enix
2413,Square Enix
2414,Square Enix
2415,Square Enix
2416,Square Enix
2417,Square Enix
2418,Square Enix
2419,Square Enix
2420,Square Enix
2421,Square Enix
2422,Square Enix
2423,Square Enix
2424,Square Enix
2425,Square Enix
2426,Square Enix
2427,Square Enix
2428,Square Enix
2429,Square Enix
2430,Square Enix
2431,Square Enix
2432,Square Enix
2433,Square Enix
2434,Square Enix
2435,Square Enix
2436,Square Enix
2437,Square Enix
2438,Square Enix
2439,Square Enix
2440,Square Enix
2441,Square Enix
2442,Square Enix
2443,Square Enix
2444,Square Enix
2445,Square Enix
2446,Square Enix
2447,Square Enix
2448,Square Enix
2449,Square Enix
2450,Square Enix
2451,Square Enix
2452,Square Enix
2453,Square Enix
2454,Square Enix
2455,Square Enix
2456,Square Enix
2457,Square Enix
2458,Square Enix
2459,Square Enix
2460,Square Enix
2461,Square Enix
2462,Square Enix
2463,Square Enix
2464,Square Enix
2465,Square Enix
2466,Square Enix
2467,Square Enix
2468,Square Enix
2469,Square Enix
2470,Square Enix
2471,Square Enix
2472,Square Enix
2473,Square Enix
2474,Square Enix
2475,Square Enix
2476,Nintendo
2477,Nintendo
2478,Nintendo
2479,Nintendo
2480,Nintendo
2481,Nintendo
2482,Nintendo
2483,Nintendo
2484,Nintendo
2485,Nintendo
2486,Nintendo
2487,Nintendo
2488,Nintendo
2489,Nintendo
2490,Nintendo
2491,Nintendo
2492,Nintendo
2493,Nintendo
2494,Nintendo
2495,Nintendo
2496,Nintendo
2497,Nintendo
2498,Nintendo
2499,Nintendo
2500,Nintendo
