1,Playstation
2,Playstation
3,Playstation
4,Playstation
5,Playstation
6,Playstation
7,Playstation
8,Playstation
9,Playstation
10,Playstation
11,Playstation
12,Playstation
13,Playstation
14,Playstation
15,Playstation
16,Playstation
17,Playstation
18,Playstation
19,Playstation
20,Playstation
21,Playstation
22,Playstation
23,Playstation
24,Playstation
25,Playstation
26,Playstation
27,Playstation
28,Playstation
29,Playstation
30,Playstation
31,Playstation
32,Playstation
33,Playstation
34,Playstation
35,Playstation
36,Playstation
37,Playstation
38,Playstation
39,Playstation
40,Playstation
41,Playstation
42,Playstation
43,Playstation
44,Playstation
45,Playstation
46,Playstation
47,Playstation
48,Playstation
49,Playstation
50,Playstation
51,Playstation
52,Playstation
53,Playstation
54,Playstation
55,Playstation
56,Playstation
57,Playstation
58,Playstation
59,Playstation
60,Playstation
61,Playstation
62,Playstation
63,Playstation
64,Playstation
65,Playstation
66,Playstation
67,Playstation
68,Playstation
69,Playstation
70,Playstation
71,Playstation
72,Playstation
73,Playstation
74,Playstation
75,Playstation
76,Playstation
77,Playstation
78,Playstation
79,Playstation
80,Playstation
81,Playstation
82,Playstation
83,Playstation
84,Playstation
85,Playstation
86,Playstation
87,Playstation
88,Playstation
89,Playstation
90,Playstation
91,Playstation
92,Playstation
93,Playstation
94,Playstation
95,Playstation
96,Playstation
97,Playstation
98,Playstation
99,Playstation
100,Playstation
101,Playstation
102,Playstation
103,Playstation
104,Playstation
105,Playstation
106,Playstation
107,Playstation
108,Playstation
109,Playstation
110,Playstation
111,Playstation
112,Playstation
113,Playstation
114,Playstation
115,Playstation
116,Playstation
117,Playstation
118,Playstation
119,Playstation
120,Playstation
121,Playstation
122,Playstation
123,Playstation
124,Playstation
125,Playstation
126,Playstation
127,Playstation
128,Playstation
129,Playstation
130,Playstation
131,Playstation
132,Playstation
133,Playstation
134,Playstation
135,Playstation
136,Playstation
137,Playstation
138,Playstation
139,Playstation
140,Playstation
141,Playstation
142,Playstation
143,Playstation
144,Playstation
145,Playstation
146,Playstation
147,Playstation
148,Playstation
149,Playstation
150,Playstation
151,Playstation
152,Playstation
153,Playstation
154,Playstation
155,Playstation
156,Playstation
157,Playstation
158,Playstation
159,Playstation
160,Playstation
161,Playstation
162,Playstation
163,Playstation
164,Playstation
165,Playstation
166,Playstation
167,Playstation
168,Playstation
169,Playstation
170,Playstation
171,Playstation
172,Playstation
173,Playstation
174,Playstation
175,Playstation
176,Playstation
177,Playstation
178,Playstation
179,Playstation
180,Playstation
181,Playstation
182,Playstation
183,Playstation
184,Playstation
185,Playstation
186,Playstation
187,Playstation
188,Playstation
189,Playstation
190,Playstation
191,Playstation
192,Playstation
193,Playstation
194,Playstation
195,Playstation
196,Playstation
197,Playstation
198,Playstation
199,Playstation
200,Playstation
201,Playstation
202,Playstation
203,Playstation
204,Playstation
205,Playstation
206,Playstation
207,Playstation
208,Playstation
209,Playstation
210,Playstation
211,Playstation
212,Playstation
213,Playstation
214,Playstation
215,Playstation
216,Playstation
217,Playstation
218,Playstation
219,Playstation
220,Playstation
221,Playstation
222,Playstation
223,Playstation
224,Playstation
225,Playstation
226,Playstation
227,Playstation
228,Playstation
229,Playstation
230,Playstation
231,Playstation
232,Playstation
233,Playstation
234,Playstation
235,Playstation
236,Playstation
237,Playstation
238,Playstation
239,Playstation
240,Playstation
241,Playstation
242,Playstation
243,Playstation
244,Playstation
245,Playstation
246,Playstation
247,Playstation
248,Playstation
249,Playstation
250,Playstation
251,Playstation
252,Playstation
253,Playstation
254,Playstation
255,Playstation
256,Playstation
257,Playstation
258,Playstation
259,Playstation
260,Playstation
261,Playstation
262,Playstation
263,Playstation
264,Playstation
265,Playstation
266,Playstation
267,Playstation
268,Playstation
269,Playstation
270,Playstation
271,Playstation
272,Playstation
273,Playstation
274,Playstation
275,Playstation
276,Playstation
277,Playstation
278,Playstation
279,Playstation
280,Playstation
281,Playstation
282,Playstation
283,Playstation
284,Playstation
285,Playstation
286,Playstation
287,Playstation
288,Playstation
289,Playstation
290,Playstation
291,Playstation
292,Playstation
293,Playstation
294,Playstation
295,Playstation
296,Playstation
297,Playstation
298,Playstation
299,Playstation
300,Playstation
301,Playstation
302,Playstation
303,Playstation
304,Playstation
305,Playstation
306,Playstation
307,Playstation
308,Playstation
309,Playstation
310,Playstation
311,Playstation
312,Playstation
313,Playstation
314,Playstation
315,Playstation
316,Playstation
317,Playstation
318,Playstation
319,Playstation
320,Playstation
321,Playstation
322,Playstation
323,Playstation
324,Playstation
325,Playstation
326,Playstation
327,Playstation
328,Playstation
329,Playstation
330,Playstation
331,Playstation
332,Playstation
333,Playstation
334,Playstation
335,Playstation
336,Playstation
337,Playstation
338,Playstation
339,Playstation
340,Playstation
341,Playstation
342,Playstation
343,Playstation
344,Playstation
345,Playstation
346,Playstation
347,Playstation
348,Playstation
349,Playstation
350,Playstation
351,Playstation
352,Playstation
353,Playstation
354,Playstation
355,Playstation
356,Playstation
357,Playstation
358,Playstation
359,Playstation
360,Playstation
361,Playstation
362,Playstation
363,Playstation
364,Playstation
365,Playstation
366,Playstation
367,Playstation
368,Playstation
369,Playstation
370,Playstation
371,Playstation
372,Playstation
373,Playstation
374,Playstation
375,Playstation
376,Playstation
377,Playstation
378,Playstation
379,Playstation
380,Playstation
381,Playstation
382,Playstation
383,Playstation
384,Playstation
385,Playstation
386,Playstation
387,Playstation
388,Playstation
389,Playstation
390,Playstation
391,Playstation
392,Playstation
393,Playstation
394,Playstation
395,Playstation
396,Playstation
397,Playstation
398,Playstation
399,Playstation
400,Playstation
401,Playstation
402,Playstation
403,Playstation
404,Playstation
405,Playstation
406,Playstation
407,Playstation
408,Playstation
409,Playstation
410,Playstation
411,Playstation
412,Playstation
413,Playstation
414,Playstation
415,Playstation
416,Playstation
417,Playstation
418,Playstation
419,Playstation
420,Playstation
421,Playstation
422,Playstation
423,Playstation
424,Playstation
425,Playstation
426,Playstation
427,Playstation
428,Playstation
429,Playstation
430,Playstation
431,Playstation
432,Playstation
433,Playstation
434,Playstation
435,Playstation
436,Playstation
437,Playstation
438,Playstation
439,Playstation
440,Playstation
441,Playstation
442,Playstation
443,Playstation
444,Playstation
445,Playstation
446,Playstation
447,Playstation
448,Playstation
449,Playstation
450,Playstation
451,Playstation
452,Playstation
453,Playstation
454,Playstation
455,Playstation
456,Playstation
457,Playstation
458,Playstation
459,Playstation
460,Playstation
461,Playstation
462,Playstation
463,Playstation
464,Playstation
465,Playstation
466,Playstation
467,Playstation
468,Playstation
469,Playstation
470,Playstation
471,Playstation
472,Playstation
473,Playstation
474,Playstation
475,Playstation
476,Playstation
477,Playstation
478,Playstation
479,Playstation
480,Playstation
481,Playstation
482,Playstation
483,Playstation
484,Playstation
485,Playstation
486,Playstation
487,Playstation
488,Playstation
489,Playstation
490,Playstation
491,Playstation
492,Playstation
493,Playstation
494,Playstation
495,Playstation
496,Playstation
497,Playstation
498,Playstation
499,Playstation
500,Playstation
501,Playstation
502,Playstation
503,Playstation
504,Playstation
505,Playstation
506,Playstation
507,Playstation
508,Playstation
509,Playstation
510,Playstation
511,Playstation
512,Playstation
513,Playstation
514,Playstation
515,Playstation
516,Playstation
517,Playstation
518,Playstation
519,Playstation
520,Playstation
521,Playstation
522,Playstation
523,Playstation
524,Playstation
525,Playstation
526,Playstation
527,Playstation
528,Playstation
529,Playstation
530,Playstation
531,Playstation
532,Playstation
533,Playstation
534,Playstation
535,Playstation
536,Playstation
537,Playstation
538,Playstation
539,Playstation
540,Playstation
541,Playstation
542,Playstation
543,Playstation
544,Playstation
545,Playstation
546,Playstation
547,Playstation
548,Playstation
549,Playstation
550,Playstation
551,Playstation
552,Playstation
553,Playstation
554,Playstation
555,Playstation
556,Playstation
557,Playstation
558,Playstation
559,Playstation
560,Playstation
561,Playstation
562,Playstation
563,Playstation
564,Playstation
565,Playstation
566,Playstation
567,Playstation
568,Playstation
569,Playstation
570,Playstation
571,Playstation
572,Playstation
573,Playstation
574,Playstation
575,Playstation
576,Playstation
577,Playstation
578,Xbox
579,Xbox
580,Xbox
581,Xbox
582,Xbox
583,Xbox
584,Xbox
585,Xbox
586,Xbox
587,Xbox
588,Xbox
589,Xbox
590,Xbox
591,Xbox
592,Xbox
593,Xbox
594,Xbox
595,Xbox
596,Xbox
597,Xbox
598,Xbox
599,Xbox
600,Xbox
601,Xbox
602,Xbox
603,Xbox
604,Xbox
605,Xbox
606,Xbox
607,Xbox
608,Xbox
609,Xbox
610,Xbox
611,Xbox
612,Xbox
613,Xbox
614,Xbox
615,Xbox
616,Xbox
617,Xbox
618,Xbox
619,Xbox
620,Xbox
621,Xbox
622,Xbox
623,Xbox
624,Xbox
625,Xbox
626,Xbox
627,Xbox
628,Xbox
629,Xbox
630,Xbox
631,Xbox
632,Xbox
633,Xbox
634,Xbox
635,Xbox
636,Xbox
637,Xbox
638,Xbox
639,Xbox
640,Xbox
641,Xbox
642,Xbox
643,Xbox
644,Xbox
645,Xbox
646,Xbox
647,Xbox
648,Xbox
649,Xbox
650,Xbox
651,Xbox
652,Xbox
653,Xbox
654,Xbox
655,Xbox
656,Xbox
657,Xbox
658,Xbox
659,Xbox
660,Xbox
661,Xbox
662,Xbox
663,Xbox
664,Xbox
665,Xbox
666,Xbox
667,Xbox
668,Xbox
669,Xbox
670,Xbox
671,Xbox
672,Xbox
673,Xbox
674,Xbox
675,Xbox
676,Xbox
677,Xbox
678,Xbox
679,Xbox
680,Xbox
681,Xbox
682,Xbox
683,Xbox
684,Xbox
685,Xbox
686,Xbox
687,Xbox
688,Xbox
689,Xbox
690,Xbox
691,Xbox
692,Xbox
693,Xbox
694,Xbox
695,Xbox
696,Xbox
697,Xbox
698,Xbox
699,Xbox
700,Xbox
701,Xbox
702,Xbox
703,Xbox
704,Xbox
705,Xbox
706,Xbox
707,Xbox
708,Xbox
709,Xbox
710,Xbox
711,Xbox
712,Xbox
713,Xbox
714,Xbox
715,Xbox
716,Xbox
717,Xbox
718,Xbox
719,Xbox
720,Xbox
721,Xbox
722,Xbox
723,Xbox
724,Xbox
725,Xbox
726,Xbox
727,Xbox
728,Xbox
729,Xbox
730,Xbox
731,Xbox
732,Xbox
733,Xbox
734,Xbox
735,Xbox
736,Xbox
737,Xbox
738,Xbox
739,Xbox
740,Xbox
741,Xbox
742,Xbox
743,Xbox
744,Xbox
745,Xbox
746,Xbox
747,Xbox
748,Xbox
749,Xbox
750,Xbox
751,Xbox
752,Xbox
753,Xbox
754,Xbox
755,Xbox
756,Xbox
757,Xbox
758,Xbox
759,Xbox
760,Xbox
761,Xbox
762,Xbox
763,Xbox
764,Xbox
765,Xbox
766,Xbox
767,Xbox
768,Xbox
769,Xbox
770,Xbox
771,Xbox
772,Xbox
773,Xbox
774,Xbox
775,Xbox
776,Xbox
777,Xbox
778,Xbox
779,Xbox
780,Xbox
781,Xbox
782,Xbox
783,Xbox
784,Xbox
785,Xbox
786,Xbox
787,Xbox
788,Xbox
789,Xbox
790,Xbox
791,Xbox
792,Xbox
793,Xbox
794,Xbox
795,Xbox
796,Xbox
797,Xbox
798,Xbox
799,Xbox
800,Xbox
801,Xbox
802,Xbox
803,Xbox
804,Xbox
805,Xbox
806,Xbox
807,Xbox
808,Xbox
809,Xbox
810,Xbox
811,Xbox
812,Xbox
813,Xbox
814,Xbox
815,Xbox
816,Xbox
817,Xbox
818,Xbox
819,Xbox
820,Xbox
821,Xbox
822,Xbox
823,Xbox
824,Xbox
825,Xbox
826,Xbox
827,Xbox
828,Xbox
829,Xbox
830,Xbox
831,Xbox
832,Xbox
833,Xbox
834,Xbox
835,Xbox
836,Xbox
837,Xbox
838,Xbox
839,Xbox
840,Xbox
841,Xbox
842,Xbox
843,Xbox
844,Xbox
845,Xbox
846,Xbox
847,Xbox
848,Xbox
849,Xbox
850,Xbox
851,Xbox
852,Xbox
853,Xbox
854,Xbox
855,Xbox
856,Xbox
857,Xbox
858,Xbox
859,Xbox
860,Xbox
861,Xbox
862,Xbox
863,Xbox
864,Xbox
865,Xbox
866,Xbox
867,Xbox
868,Xbox
869,Xbox
870,Xbox
871,Xbox
872,Xbox
873,Xbox
874,Xbox
875,Xbox
876,Xbox
877,Xbox
878,Xbox
879,Xbox
880,Xbox
881,Xbox
882,Xbox
883,Xbox
884,Xbox
885,Xbox
886,Xbox
887,Xbox
888,Xbox
889,Xbox
890,Xbox
891,Xbox
892,Xbox
893,Xbox
894,Xbox
895,Xbox
896,Xbox
897,Xbox
898,Xbox
899,Xbox
900,Xbox
901,Xbox
902,Xbox
903,Xbox
904,Xbox
905,Xbox
906,Xbox
907,Xbox
908,Xbox
909,Xbox
910,Xbox
911,Xbox
912,Xbox
913,Xbox
914,Xbox
915,Xbox
916,Xbox
917,Xbox
918,Xbox
919,Xbox
920,Xbox
921,Xbox
922,Xbox
923,Xbox
924,Xbox
925,Xbox
926,Xbox
927,Xbox
928,Xbox
929,Xbox
930,Xbox
931,Xbox
932,Xbox
933,Xbox
934,Xbox
935,Xbox
936,Xbox
937,Xbox
938,Xbox
939,Xbox
940,Xbox
941,Xbox
942,Xbox
943,Xbox
944,Xbox
945,Xbox
946,Xbox
947,Xbox
948,Xbox
949,Xbox
950,Xbox
951,Xbox
952,Xbox
953,Xbox
954,Xbox
955,Xbox
956,Xbox
957,Xbox
958,Xbox
959,Xbox
960,Xbox
961,Xbox
962,Sega
963,Sega
964,Sega
965,Sega
966,Sega
967,Sega
968,Sega
969,Sega
970,Sega
971,Sega
972,Sega
973,Sega
974,Sega
975,Sega
976,Sega
977,Sega
978,Sega
979,Sega
980,Sega
981,Sega
982,Sega
983,Sega
984,Sega
985,Sega
986,Sega
987,Sega
988,Sega
989,Sega
990,Sega
991,Sega
992,Sega
993,Sega
994,Sega
995,Sega
996,Sega
997,Sega
998,Sega
999,Sega
1000,Sega
1001,Sega
1002,Sega
1003,Sega
1004,Sega
1005,Sega
1006,Sega
1007,Sega
1008,Sega
1009,Sega
1010,Sega
1011,Sega
1012,Sega
1013,Sega
1014,Sega
1015,Sega
1016,Sega
1017,Sega
1018,Sega
1019,Sega
1020,Sega
1021,Sega
1022,Sega
1023,Sega
1024,Sega
1025,Sega
1026,Sega
1027,Sega
1028,Sega
1029,Sega
1030,Sega
1031,Sega
1032,Sega
1033,Sega
1034,Sega
1035,Sega
1036,Sega
1037,Sega
1038,Sega
1039,Sega
1040,Sega
1041,Sega
1042,Sega
1043,Sega
1044,Sega
1045,Sega
1046,Sega
1047,Sega
1048,Sega
1049,Sega
1050,Sega
1051,Sega
1052,Sega
1053,Sega
1054,Sega
1055,Sega
1056,Sega
1057,Sega
1058,Sega
1059,Sega
1060,Sega
1061,Sega
1062,Sega
1063,Sega
1064,Sega
1065,Sega
1066,Sega
1067,Sega
1068,Sega
1069,Sega
1070,Sega
1071,Sega
1072,Sega
1073,Sega
1074,Sega
1075,Sega
1076,Sega
1077,Sega
1078,Sega
1079,Sega
1080,Sega
1081,Sega
1082,Sega
1083,Sega
1084,Sega
1085,Sega
1086,Sega
1087,Sega
1088,Sega
1089,Sega
1090,Sega
1091,Sega
1092,Sega
1093,Sega
1094,Sega
1095,Sega
1096,Sega
1097,Sega
1098,Sega
1099,Sega
1100,Sega
1101,Sega
1102,Sega
1103,Sega
1104,Sega
1105,Sega
1106,Sega
1107,Sega
1108,Sega
1109,Sega
1110,Sega
1111,Sega
1112,Sega
1113,Sega
1114,Sega
1115,Sega
1116,Sega
1117,Sega
1118,Sega
1119,Sega
1120,Sega
1121,Sega
1122,Sega
1123,Sega
1124,Sega
1125,Sega
1126,Sega
1127,Sega
1128,Sega
1129,Sega
1130,Sega
1131,Sega
1132,Sega
1133,Sega
1134,Sega
1135,Sega
1136,Sega
1137,Sega
1138,Sega
1139,Sega
1140,Sega
1141,Sega
1142,Sega
1143,Sega
1144,Sega
1145,Sega
1146,Sega
1147,Sega
1148,Sega
1149,Sega
1150,Sega
1151,Sega
1152,Sega
1153,Sega
1154,Nintendo
1155,Nintendo
1156,Nintendo
1157,Nintendo
1158,Nintendo
1159,Nintendo
1160,Nintendo
1161,Nintendo
1162,Nintendo
1163,Nintendo
1164,Nintendo
1165,Nintendo
1166,Nintendo
1167,Nintendo
1168,Nintendo
1169,Nintendo
1170,Nintendo
1171,Nintendo
1172,Nintendo
1173,Nintendo
1174,Nintendo
1175,Nintendo
1176,Nintendo
1177,Nintendo
1178,Nintendo
1179,Nintendo
1180,Nintendo
1181,Nintendo
1182,Nintendo
1183,Nintendo
1184,Nintendo
1185,Nintendo
1186,Nintendo
1187,Nintendo
1188,Nintendo
1189,Nintendo
1190,Nintendo
1191,Nintendo
1192,Nintendo
1193,Nintendo
1194,Nintendo
1195,Nintendo
1196,Nintendo
1197,Nintendo
1198,Nintendo
1199,Nintendo
1200,Nintendo
1201,Nintendo
1202,Nintendo
1203,Nintendo
1204,Nintendo
1205,Nintendo
1206,Nintendo
1207,Nintendo
1208,Nintendo
1209,Nintendo
1210,Nintendo
1211,Nintendo
1212,Nintendo
1213,Nintendo
1214,Nintendo
1215,Nintendo
1216,Nintendo
1217,Nintendo
1218,Nintendo
1219,Nintendo
1220,Nintendo
1221,Nintendo
1222,Nintendo
1223,Nintendo
1224,Nintendo
1225,Nintendo
1226,Nintendo
1227,Nintendo
1228,Nintendo
1229,Nintendo
1230,Nintendo
1231,Nintendo
1232,Nintendo
1233,Nintendo
1234,Nintendo
1235,Nintendo
1236,Nintendo
1237,Nintendo
1238,Nintendo
1239,Nintendo
1240,Nintendo
1241,Nintendo
1242,Nintendo
1243,Nintendo
1244,Nintendo
1245,Nintendo
1246,Nintendo
1247,Nintendo
1248,Nintendo
1249,Nintendo
1250,Nintendo
1251,Nintendo
1252,Nintendo
1253,Nintendo
1254,Nintendo
1255,Nintendo
1256,Nintendo
1257,Nintendo
1258,Nintendo
1259,Nintendo
1260,Nintendo
1261,Nintendo
1262,Nintendo
1263,Nintendo
1264,Nintendo
1265,Nintendo
1266,Nintendo
1267,Nintendo
1268,Nintendo
1269,Nintendo
1270,Nintendo
1271,Nintendo
1272,Nintendo
1273,Nintendo
1274,Nintendo
1275,Nintendo
1276,Nintendo
1277,Nintendo
1278,Nintendo
1279,Nintendo
1280,Nintendo
1281,Nintendo
1282,Nintendo
1283,Nintendo
1284,Nintendo
1285,Nintendo
1286,Nintendo
1287,Nintendo
1288,Nintendo
1289,Nintendo
1290,Nintendo
1291,Nintendo
1292,Nintendo
1293,Nintendo
1294,Nintendo
1295,Nintendo
1296,Nintendo
1297,Nintendo
1298,Nintendo
1299,Nintendo
1300,Nintendo
1301,Nintendo
1302,Nintendo
1303,Nintendo
1304,Nintendo
1305,Nintendo
1306,Nintendo
1307,Nintendo
1308,Nintendo
1309,Nintendo
1310,Nintendo
1311,Nintendo
1312,Nintendo
1313,Nintendo
1314,Nintendo
1315,Nintendo
1316,Nintendo
1317,Nintendo
1318,Nintendo
1319,Nintendo
1320,Nintendo
1321,Nintendo
1322,Nintendo
1323,Nintendo
1324,Nintendo
1325,Nintendo
1326,Nintendo
1327,Nintendo
1328,Nintendo
1329,Nintendo
1330,Nintendo
1331,Nintendo
1332,Nintendo
1333,Nintendo
1334,Nintendo
1335,Nintendo
1336,Nintendo
1337,Nintendo
1338,Nintendo
1339,Nintendo
1340,Nintendo
1341,Nintendo
1342,Nintendo
1343,Nintendo
1344,Nintendo
1345,Nintendo
1346,Nintendo
1347,Nintendo
1348,Nintendo
1349,Nintendo
1350,Nintendo
1351,Nintendo
1352,Nintendo
1353,Nintendo
1354,Nintendo
1355,Nintendo
1356,Nintendo
1357,Nintendo
1358,Nintendo
1359,Nintendo
1360,Nintendo
1361,Nintendo
1362,Nintendo
1363,Nintendo
1364,Nintendo
1365,Nintendo
1366,Nintendo
1367,Nintendo
1368,Nintendo
1369,Nintendo
1370,Nintendo
1371,Nintendo
1372,Nintendo
1373,Nintendo
1374,Nintendo
1375,Nintendo
1376,Nintendo
1377,Nintendo
1378,Nintendo
1379,Nintendo
1380,Nintendo
1381,Nintendo
1382,Nintendo
1383,Nintendo
1384,Nintendo
1385,Nintendo
1386,Nintendo
1387,Nintendo
1388,Nintendo
1389,Nintendo
1390,Nintendo
1391,Nintendo
1392,Nintendo
1393,Nintendo
1394,Nintendo
1395,Nintendo
1396,Nintendo
1397,Nintendo
1398,Nintendo
1399,Nintendo
1400,Nintendo
1401,Nintendo
1402,Nintendo
1403,Nintendo
1404,Nintendo
1405,Nintendo
1406,Nintendo
1407,Nintendo
1408,Nintendo
1409,Nintendo
1410,Nintendo
1411,Nintendo
1412,Nintendo
1413,Nintendo
1414,Nintendo
1415,Nintendo
1416,Nintendo
1417,Nintendo
1418,Nintendo
1419,Nintendo
1420,Nintendo
1421,Nintendo
1422,Nintendo
1423,Nintendo
1424,Nintendo
1425,Nintendo
1426,Nintendo
1427,Nintendo
1428,Nintendo
1429,Nintendo
1430,Nintendo
1431,Nintendo
1432,Nintendo
1433,Nintendo
1434,Nintendo
1435,Nintendo
1436,Nintendo
1437,Nintendo
1438,Nintendo
1439,Nintendo
1440,Nintendo
1441,Nintendo
1442,Nintendo
1443,Nintendo
1444,Nintendo
1445,Nintendo
1446,Nintendo
1447,Nintendo
1448,Nintendo
1449,Nintendo
1450,Nintendo
1451,Nintendo
1452,Nintendo
1453,Nintendo
1454,Nintendo
1455,Nintendo
1456,Nintendo
1457,Nintendo
1458,Nintendo
1459,Nintendo
1460,Nintendo
1461,Nintendo
1462,Nintendo
1463,Nintendo
1464,Nintendo
1465,Nintendo
1466,Nintendo
1467,Nintendo
1468,Nintendo
1469,Nintendo
1470,Nintendo
1471,Nintendo
1472,Nintendo
1473,Nintendo
1474,Nintendo
1475,Nintendo
1476,Nintendo
1477,Nintendo
1478,Nintendo
1479,Nintendo
1480,Nintendo
1481,Nintendo
1482,Nintendo
1483,Nintendo
1484,Nintendo
1485,Nintendo
1486,Nintendo
1487,Nintendo
1488,Nintendo
1489,Nintendo
1490,Nintendo
1491,Nintendo
1492,Nintendo
1493,Nintendo
1494,Nintendo
1495,Nintendo
1496,Nintendo
1497,Nintendo
1498,Nintendo
1499,Nintendo
1500,Nintendo
1501,Nintendo
1502,Nintendo
1503,Nintendo
1504,Nintendo
1505,Nintendo
1506,Nintendo
1507,Nintendo
1508,Nintendo
1509,Nintendo
1510,Nintendo
1511,Nintendo
1512,Nintendo
1513,Nintendo
1514,Nintendo
1515,Nintendo
1516,Nintendo
1517,Nintendo
1518,Nintendo
1519,Nintendo
1520,Nintendo
1521,Nintendo
1522,Nintendo
1523,Nintendo
1524,Nintendo
1525,Nintendo
1526,Nintendo
1527,Nintendo
1528,Nintendo
1529,Nintendo
1530,Nintendo
1531,Nintendo
1532,Nintendo
1533,Nintendo
1534,Nintendo
1535,Nintendo
1536,Nintendo
1537,Nintendo
1538,Nintendo
1539,Nintendo
1540,Nintendo
1541,Nintendo
1542,Nintendo
1543,Nintendo
1544,Nintendo
1545,Nintendo
1546,Nintendo
1547,Nintendo
1548,Nintendo
1549,Nintendo
1550,Nintendo
1551,Nintendo
1552,Nintendo
1553,Nintendo
1554,Nintendo
1555,Nintendo
1556,Nintendo
1557,Nintendo
1558,Nintendo
1559,Nintendo
1560,Nintendo
1561,Nintendo
1562,Nintendo
1563,Nintendo
1564,Nintendo
1565,Nintendo
1566,Nintendo
1567,Nintendo
1568,Nintendo
1569,Nintendo
1570,Nintendo
1571,Nintendo
1572,Nintendo
1573,Nintendo
1574,Nintendo
1575,Nintendo
1576,Nintendo
1577,Nintendo
1578,Nintendo
1579,Nintendo
1580,Nintendo
1581,Nintendo
1582,Nintendo
1583,Nintendo
1584,Nintendo
1585,Nintendo
1586,Nintendo
1587,Nintendo
1588,Nintendo
1589,Nintendo
1590,Nintendo
1591,Nintendo
1592,Nintendo
1593,Nintendo
1594,Nintendo
1595,Nintendo
1596,Nintendo
1597,Nintendo
1598,Nintendo
1599,Nintendo
1600,Nintendo
1601,Nintendo
1602,Nintendo
1603,Nintendo
1604,Nintendo
1605,Nintendo
1606,Nintendo
1607,Nintendo
1608,Nintendo
1609,Nintendo
1610,Nintendo
1611,Nintendo
1612,Nintendo
1613,Nintendo
1614,Nintendo
1615,Nintendo
1616,Nintendo
1617,Nintendo
1618,Nintendo
1619,Nintendo
1620,Nintendo
1621,Nintendo
1622,Nintendo
1623,Nintendo
1624,Nintendo
1625,Nintendo
1626,Nintendo
1627,Nintendo
1628,Nintendo
1629,Nintendo
1630,Nintendo
1631,Nintendo
1632,Nintendo
1633,Nintendo
1634,Nintendo
1635,Nintendo
1636,Nintendo
1637,Nintendo
1638,Nintendo
1639,Nintendo
1640,Nintendo
1641,Nintendo
1642,Nintendo
1643,Nintendo
1644,Nintendo
1645,Nintendo
1646,Nintendo
1647,Nintendo
1648,Nintendo
1649,Nintendo
1650,Nintendo
1651,Nintendo
1652,Nintendo
1653,Nintendo
1654,Nintendo
1655,Nintendo
1656,Nintendo
1657,Nintendo
1658,Nintendo
1659,Nintendo
1660,Nintendo
1661,Nintendo
1662,Nintendo
1663,Nintendo
1664,Nintendo
1665,Nintendo
1666,Nintendo
1667,Nintendo
1668,Nintendo
1669,Nintendo
1670,Nintendo
1671,Nintendo
1672,Nintendo
1673,Nintendo
1674,Nintendo
1675,Nintendo
1676,Nintendo
1677,Nintendo
1678,Nintendo
1679,Nintendo
1680,Nintendo
1681,Nintendo
1682,Nintendo
1683,Nintendo
1684,Nintendo
1685,Nintendo
1686,Nintendo
1687,Nintendo
1688,Nintendo
1689,Nintendo
1690,Nintendo
1691,Nintendo
1692,Nintendo
1693,Nintendo
1694,Nintendo
1695,Nintendo
1696,Nintendo
1697,Nintendo
1698,Nintendo
1699,Nintendo
1700,Nintendo
1701,Nintendo
1702,Nintendo
1703,Nintendo
1704,Nintendo
1705,Nintendo
1706,Nintendo
1707,Nintendo
1708,Nintendo
1709,Nintendo
1710,Nintendo
1711,Nintendo
1712,Nintendo
1713,Nintendo
1714,Nintendo
1715,Nintendo
1716,Nintendo
1717,Nintendo
1718,Nintendo
1719,Nintendo
1720,Nintendo
1721,Nintendo
1722,Nintendo
1723,Nintendo
1724,Nintendo
1725,Nintendo
1726,Nintendo
1727,Nintendo
1728,Nintendo
1729,Nintendo
1730,Game Boy
1731,Game Boy
1732,Game Boy
1733,Game Boy
1734,Game Boy
1735,Game Boy
1736,Game Boy
1737,Game Boy
1738,Game Boy
1739,Game Boy
1740,Game Boy
1741,Game Boy
1742,Game Boy
1743,Game Boy
1744,Game Boy
1745,Game Boy
1746,Game Boy
1747,Game Boy
1748,Game Boy
1749,Game Boy
1750,Game Boy
1751,Game Boy
1752,Game Boy
1753,Game Boy
1754,Game Boy
1755,Game Boy
1756,Game Boy
1757,Game Boy
1758,Game Boy
1759,Game Boy
1760,Game Boy
1761,Game Boy
1762,Game Boy
1763,Game Boy
1764,Game Boy
1765,Game Boy
1766,Game Boy
1767,Game Boy
1768,Game Boy
1769,Game Boy
1770,Game Boy
1771,Game Boy
1772,Game Boy
1773,Game Boy
1774,Game Boy
1775,Game Boy
1776,Game Boy
1777,Game Boy
1778,Game Boy
1779,Game Boy
1780,Game Boy
1781,Game Boy
1782,Game Boy
1783,Game Boy
1784,Game Boy
1785,Game Boy
1786,Game Boy
1787,Game Boy
1788,Game Boy
1789,Game Boy
1790,Game Boy
1791,Game Boy
1792,Game Boy
1793,Game Boy
1794,Game Boy
1795,Game Boy
1796,Game Boy
1797,Game Boy
1798,Game Boy
1799,Game Boy
1800,Game Boy
1801,Game Boy
1802,Game Boy
1803,Game Boy
1804,Game Boy
1805,Game Boy
1806,Game Boy
1807,Game Boy
1808,Game Boy
1809,Game Boy
1810,Game Boy
1811,Game Boy
1812,Game Boy
1813,Game Boy
1814,Game Boy
1815,Game Boy
1816,Game Boy
1817,Game Boy
1818,Game Boy
1819,Game Boy
1820,Game Boy
1821,Game Boy
1822,Game Boy
1823,Game Boy
1824,Game Boy
1825,Game Boy
1826,Game Boy
1827,Game Boy
1828,Game Boy
1829,Game Boy
1830,Game Boy
1831,Game Boy
1832,Game Boy
1833,Game Boy
1834,Game Boy
1835,Game Boy
1836,Game Boy
1837,Game Boy
1838,Game Boy
1839,Game Boy
1840,Game Boy
1841,Game Boy
1842,Game Boy
1843,Game Boy
1844,Game Boy
1845,Game Boy
1846,Game Boy
1847,Game Boy
1848,Game Boy
1849,Game Boy
1850,Game Boy
1851,Game Boy
1852,Game Boy
1853,Game Boy
1854,Game Boy
1855,Game Boy
1856,Game Boy
1857,Game Boy
1858,Game Boy
1859,Game Boy
1860,Game Boy
1861,Game Boy
1862,Game Boy
1863,Game Boy
1864,Game Boy
1865,Game Boy
1866,Game Boy
1867,Game Boy
1868,Game Boy
1869,Game Boy
1870,Game Boy
1871,Game Boy
1872,Game Boy
1873,Game Boy
1874,Game Boy
1875,Game Boy
1876,Game Boy
1877,Game Boy
1878,Game Boy
1879,Game Boy
1880,Game Boy
1881,Game Boy
1882,Game Boy
1883,Game Boy
1884,Game Boy
1885,Game Boy
1886,Game Boy
1887,Game Boy
1888,Game Boy
1889,Game Boy
1890,Game Boy
1891,Game Boy
1892,Game Boy
1893,Game Boy
1894,Game Boy
1895,Game Boy
1896,Game Boy
1897,Game Boy
1898,Game Boy
1899,Game Boy
1900,Game Boy
1901,Game Boy
1902,Game Boy
1903,Game Boy
1904,Game Boy
1905,Game Boy
1906,Game Boy
1907,Game Boy
1908,Game Boy
1909,Game Boy
1910,Game Boy
1911,Game Boy
1912,Game Boy
1913,Game Boy
1914,Game Boy
1915,Game Boy
1916,Game Boy
1917,Game Boy
1918,Game Boy
1919,Game Boy
1920,Game Boy
1921,Game Boy
1922,Game Boy
1923,Game Boy
1924,Game Boy
1925,Game Boy
1926,Game Boy
1927,Game Boy
1928,Game Boy
1929,Game Boy
1930,Game Boy
1931,Game Boy
1932,Game Boy
1933,Game Boy
1934,Game Boy
1935,Game Boy
1936,Game Boy
1937,Game Boy
1938,Game Boy
1939,Game Boy
1940,Game Boy
1941,Game Boy
1942,Game Boy
1943,Game Boy
1944,Game Boy
1945,Game Boy
1946,Game Boy
1947,Game Boy
1948,Game Boy
1949,Game Boy
1950,Game Boy
1951,Game Boy
1952,Game Boy
1953,Game Boy
1954,Game Boy
1955,Game Boy
1956,Game Boy
1957,Game Boy
1958,Game Boy
1959,Game Boy
1960,Game Boy
1961,Game Boy
1962,Game Boy
1963,Game Boy
1964,Game Boy
1965,Game Boy
1966,Game Boy
1967,Game Boy
1968,Game Boy
1969,Game Boy
1970,Game Boy
1971,Game Boy
1972,Game Boy
1973,Game Boy
1974,Game Boy
1975,Game Boy
1976,Game Boy
1977,Game Boy
1978,Game Boy
1979,Game Boy
1980,Game Boy
1981,Game Boy
1982,Game Boy
1983,Game Boy
1984,Game Boy
1985,Game Boy
1986,Game Boy
1987,Game Boy
1988,Game Boy
1989,Game Boy
1990,Game Boy
1991,Game Boy
1992,Game Boy
1993,Game Boy
1994,Game Boy
1995,Game Boy
1996,Game Boy
1997,Game Boy
1998,Game Boy
1999,Game Boy
2000,Game Boy
2001,Game Boy
2002,Game Boy
2003,Game Boy
2004,Game Boy
2005,Game Boy
2006,Game Boy
2007,Game Boy
2008,Game Boy
2009,Game Boy
2010,Game Boy
2011,Game Boy
2012,Game Boy
2013,Game Boy
2014,Game Boy
2015,Game Boy
2016,Game Boy
2017,Game Boy
2018,Game Boy
2019,Game Boy
2020,Game Boy
2021,Game Boy
2022,Game Boy
2023,Game Boy
2024,Game Boy
2025,Game Boy
2026,Game Boy
2027,Game Boy
2028,Game Boy
2029,Game Boy
2030,Game Boy
2031,Game Boy
2032,Game Boy
2033,Game Boy
2034,Game Boy
2035,Game Boy
2036,Game Boy
2037,Game Boy
2038,Game Boy
2039,Game Boy
2040,Game Boy
2041,Game Boy
2042,Game Boy
2043,Game Boy
2044,Game Boy
2045,Game Boy
2046,Game Boy
2047,Game Boy
2048,Game Boy
2049,Game Boy
2050,Game Boy
2051,Game Boy
2052,Game Boy
2053,Game Boy
2054,Game Boy
2055,Game Boy
2056,Game Boy
2057,Game Boy
2058,Game Boy
2059,Game Boy
2060,Game Boy
2061,Game Boy
2062,Game Boy
2063,Game Boy
2064,Game Boy
2065,Game Boy
2066,Game Boy
2067,Game Boy
2068,Game Boy
2069,Game Boy
2070,Game Boy
2071,Game Boy
2072,Game Boy
2073,Game Boy
2074,Game Boy
2075,Game Boy
2076,Game Boy
2077,Game Boy
2078,Game Boy
2079,Game Boy
2080,Game Boy
2081,Game Boy
2082,Game Boy
2083,Game Boy
2084,Game Boy
2085,Game Boy
2086,Game Boy
2087,Game Boy
2088,Game Boy
2089,Game Boy
2090,Game Boy
2091,Game Boy
2092,Game Boy
2093,Game Boy
2094,Game Boy
2095,Game Boy
2096,Game Boy
2097,Game Boy
2098,Game Boy
2099,Game Boy
2100,Game Boy
2101,Game Boy
2102,Game Boy
2103,Game Boy
2104,Game Boy
2105,Game Boy
2106,Game Boy
2107,Game Boy
2108,Game Boy
2109,Game Boy
2110,Game Boy
2111,Game Boy
2112,Game Boy
2113,Game Boy
2114,Game Boy
2115,Game Boy
2116,Game Boy
2117,Game Boy
2118,Game Boy
2119,Game Boy
2120,Game Boy
2121,Game Boy
2122,Game Boy
2123,Game Boy
2124,Game Boy
2125,Game Boy
2126,Game Boy
2127,Game Boy
2128,Game Boy
2129,Game Boy
2130,Game Boy
2131,Game Boy
2132,Game Boy
2133,Game Boy
2134,Game Boy
2135,Game Boy
2136,Game Boy
2137,Game Boy
2138,Game Boy
2139,Game Boy
2140,Game Boy
2141,Game Boy
2142,Game Boy
2143,Game Boy
2144,Game Boy
2145,Game Boy
2146,Game Boy
2147,Game Boy
2148,Game Boy
2149,Game Boy
2150,Game Boy
2151,Game Boy
2152,Game Boy
2153,Game Boy
2154,Game Boy
2155,Game Boy
2156,Game Boy
2157,Game Boy
2158,Game Boy
2159,Game Boy
2160,Game Boy
2161,Game Boy
2162,Game Boy
2163,Game Boy
2164,Game Boy
2165,Game Boy
2166,Game Boy
2167,Game Boy
2168,Game Boy
2169,Game Boy
2170,Game Boy
2171,Game Boy
2172,Game Boy
2173,Game Boy
2174,Game Boy
2175,Game Boy
2176,Game Boy
2177,Game Boy
2178,Game Boy
2179,Game Boy
2180,Game Boy
2181,Game Boy
2182,Game Boy
2183,Game Boy
2184,Game Boy
2185,Game Boy
2186,Game Boy
2187,Game Boy
2188,Game Boy
2189,Game Boy
2190,Game Boy
2191,Game Boy
2192,Game Boy
2193,Game Boy
2194,Game Boy
2195,Game Boy
2196,Game Boy
2197,Game Boy
2198,Game Boy
2199,Game Boy
2200,Game Boy
2201,Game Boy
2202,Game Boy
2203,Game Boy
2204,Game Boy
2205,Game Boy
2206,Game Boy
2207,Game Boy
2208,Game Boy
2209,Game Boy
2210,Game Boy
2211,Game Boy
2212,Game Boy
2213,Game Boy
2214,Game Boy
2215,Game Boy
2216,Game Boy
2217,Game Boy
2218,Game Boy
2219,Game Boy
2220,Game Boy
2221,Game Boy
2222,Game Boy
2223,Game Boy
2224,Game Boy
2225,Game Boy
2226,Game Boy
2227,Game Boy
2228,Game Boy
2229,Game Boy
2230,Game Boy
2231,Game Boy
2232,Game Boy
2233,Game Boy
2234,Game Boy
2235,Game Boy
2236,Game Boy
2237,Game Boy
2238,Game Boy
2239,Game Boy
2240,Game Boy
2241,Game Boy
2242,Game Boy
2243,Game Boy
2244,Game Boy
2245,Game Boy
2246,Game Boy
2247,Game Boy
2248,Game Boy
2249,Game Boy
2250,Game Boy
2251,Game Boy
2252,Game Boy
2253,Game Boy
2254,Game Boy
2255,Game Boy
2256,Game Boy
2257,Game Boy
2258,Game Boy
2259,Game Boy
2260,Game Boy
2261,Game Boy
2262,Game Boy
2263,Game Boy
2264,Game Boy
2265,Game Boy
2266,Game Boy
2267,Game Boy
2268,Game Boy
2269,Game Boy
2270,Game Boy
2271,Game Boy
2272,Game Boy
2273,Game Boy
2274,Game Boy
2275,Game Boy
2276,Game Boy
2277,Game Boy
2278,Game Boy
2279,Game Boy
2280,Game Boy
2281,Game Boy
2282,Game Boy
2283,Game Boy
2284,Game Boy
2285,Game Boy
2286,Game Boy
2287,Game Boy
2288,Game Boy
2289,Game Boy
2290,Game Boy
2291,Game Boy
2292,Game Boy
2293,Game Boy
2294,Game Boy
2295,Game Boy
2296,Game Boy
2297,Game Boy
2298,Game Boy
2299,Game Boy
2300,Game Boy
2301,Game Boy
2302,Game Boy
2303,Game Boy
2304,Game Boy
2305,Game Boy
2306,Playstation Portable
2307,Playstation Portable
2308,Playstation Portable
2309,Playstation Portable
2310,Playstation Portable
2311,Playstation Portable
2312,Playstation Portable
2313,Playstation Portable
2314,Playstation Portable
2315,Playstation Portable
2316,Playstation Portable
2317,Playstation Portable
2318,Playstation Portable
2319,Playstation Portable
2320,Playstation Portable
2321,Playstation Portable
2322,Playstation Portable
2323,Playstation Portable
2324,Playstation Portable
2325,Playstation Portable
2326,Playstation Portable
2327,Playstation Portable
2328,Playstation Portable
2329,Playstation Portable
2330,Playstation Portable
2331,Playstation Portable
2332,Playstation Portable
2333,Playstation Portable
2334,Playstation Portable
2335,Playstation Portable
2336,Playstation Portable
2337,Playstation Portable
2338,Playstation Portable
2339,Playstation Portable
2340,Playstation Portable
2341,Playstation Portable
2342,Playstation Portable
2343,Playstation Portable
2344,Playstation Portable
2345,Playstation Portable
2346,Playstation Portable
2347,Playstation Portable
2348,Playstation Portable
2349,Playstation Portable
2350,Playstation Portable
2351,Playstation Portable
2352,Playstation Portable
2353,Playstation Portable
2354,Playstation Portable
2355,Playstation Portable
2356,Playstation Portable
2357,Playstation Portable
2358,Playstation Portable
2359,Playstation Portable
2360,Playstation Portable
2361,Playstation Portable
2362,Playstation Portable
2363,Playstation Portable
2364,Playstation Portable
2365,Playstation Portable
2366,Playstation Portable
2367,Playstation Portable
2368,Playstation Portable
2369,Playstation Portable
2370,Playstation Portable
2371,Playstation Portable
2372,Playstation Portable
2373,Playstation Portable
2374,Playstation Portable
2375,Playstation Portable
2376,Playstation Portable
2377,Playstation Portable
2378,Playstation Portable
2379,Playstation Portable
2380,Playstation Portable
2381,Playstation Portable
2382,Playstation Portable
2383,Playstation Portable
2384,Playstation Portable
2385,Playstation Portable
2386,Playstation Portable
2387,Playstation Portable
2388,Playstation Portable
2389,Playstation Portable
2390,Playstation Portable
2391,Playstation Portable
2392,Playstation Portable
2393,Playstation Portable
2394,Playstation Portable
2395,Playstation Portable
2396,Playstation Portable
2397,Playstation Portable
2398,Playstation Portable
2399,Playstation Portable
2400,Playstation Portable
2401,Playstation Portable
2402,Playstation Portable
2403,Playstation Portable
2404,Playstation Portable
2405,Playstation Portable
2406,Playstation Portable
2407,Playstation Portable
2408,Playstation Portable
2409,Playstation Portable
2410,Playstation Portable
2411,Playstation Portable
2412,Playstation Portable
2413,Playstation Portable
2414,Playstation Portable
2415,Playstation Portable
2416,Playstation Portable
2417,Playstation Portable
2418,Playstation Portable
2419,Playstation Portable
2420,Playstation Portable
2421,Playstation Portable
2422,Playstation Portable
2423,Playstation Portable
2424,Playstation Portable
2425,Playstation Portable
2426,Playstation Portable
2427,Playstation Portable
2428,Playstation Portable
2429,Playstation Portable
2430,Playstation Portable
2431,Playstation Portable
2432,Playstation Portable
2433,Playstation Portable
2434,Playstation Portable
2435,Playstation Portable
2436,Playstation Portable
2437,Playstation Portable
2438,Playstation Portable
2439,Playstation Portable
2440,Playstation Portable
2441,Playstation Portable
2442,Playstation Portable
2443,Playstation Portable
2444,Playstation Portable
2445,Playstation Portable
2446,Playstation Portable
2447,Playstation Portable
2448,Playstation Portable
2449,Playstation Portable
2450,Playstation Portable
2451,Playstation Portable
2452,Playstation Portable
2453,Playstation Portable
2454,Playstation Portable
2455,Playstation Portable
2456,Playstation Portable
2457,Playstation Portable
2458,Playstation Portable
2459,Playstation Portable
2460,Playstation Portable
2461,Playstation Portable
2462,Playstation Portable
2463,Playstation Portable
2464,Playstation Portable
2465,Playstation Portable
2466,Playstation Portable
2467,Playstation Portable
2468,Playstation Portable
2469,Playstation Portable
2470,Playstation Portable
2471,Playstation Portable
2472,Playstation Portable
2473,Playstation Portable
2474,Playstation Portable
2475,Playstation Portable
2476,Playstation Portable
2477,Playstation Portable
2478,Playstation Portable
2479,Playstation Portable
2480,Playstation Portable
2481,Playstation Portable
2482,Playstation Portable
2483,Playstation Portable
2484,Playstation Portable
2485,Playstation Portable
2486,Playstation Portable
2487,Playstation Portable
2488,Playstation Portable
2489,Playstation Portable
2490,Playstation Portable
2491,Playstation Portable
2492,Playstation Portable
2493,Playstation Portable
2494,Playstation Portable
2495,Playstation Portable
2496,Playstation Portable
2497,Playstation Portable
2498,Playstation Portable
2499,Playstation Portable
2500,Playstation Portable
